DELETE FROM messages;
DELETE FROM schedule;
DELETE FROM registrations;
DELETE FROM students;
DELETE FROM cars;
DELETE FROM groups;
DELETE FROM teachers;
DELETE FROM results;
DELETE FROM answers;
DELETE FROM questions;
delete from tickets;
DELETE FROM themes;
DELETE FROM exams;
DELETE FROM roadsigns;

INSERT INTO teachers (id, birthday, email, firstname, gender, inn, lastname, passport, patronymic, tel, photourl) VALUES
  (1, '1961-10-19', 'petrov@gmail.com', 'Николай', 'MALE', 34590823, 'Петров', 'АН459865', 'Игоревич', '097-345-77-32','http://cs621222.vk.me/v621222392/16814/y4UYdX3Jn84.jpg'),
  (2, '1975-12-15', 'orlov@gmail.com', 'Алексей', 'MALE', 58702314, 'Александрович', 'СА332554', 'Сергеевич', '067-546-56-66','http://cs623717.vk.me/v623717392/2f6a5/buznf0zGKXE.jpg'),
  (3, '1967-05-21', 'kirylova@gmail.com', 'Валерия', 'FEMALE', 98737164, 'Кирилова', 'НН906755', 'Вячеславовна','066-239-00-56', 'http://cs623717.vk.me/v623717392/2f6e4/STlMTziVM8s.jpg'),
  (4, '1980-01-04', 'denisov@gmail.com', 'Виталий', 'MALE', 94036472, 'Денисов', 'ТР435644', 'Валериевич','097-560-98-55', 'http://cs623717.vk.me/v623717392/2f6ae/fYc1SRN6ruE.jpg'),
  (5, '1974-11-17', 'komarova@gmail.com', 'Инна', 'FEMALE', 94522099, 'Комарова', 'АС889078', 'Александровна','067-465-09-11', 'http://cs623717.vk.me/v623717392/2f6b7/ql8EucirrLk.jpg'),
  (6, '1969-09-24', 'shvarts@gmail.com', 'Дмитрий', 'MALE', 44836109, 'Шварц', 'АР435564', 'Анатольевич','050-430-98-65', 'http://cs623717.vk.me/v623717392/2f6c9/WomHgmpSylc.jpg'),
  (7, '1977-09-16', 'dorognaya@gmail.com', 'Виктория', 'FEMALE', 94776333, 'Дорогая', 'АЯ547786', 'Владиславовна','050-566-78-43', 'http://cs623717.vk.me/v623717392/2f6db/pUNWLYY1HtM.jpg'),
  (8, '1980-10-16', 'boyko@gmail.com', 'Константин', 'MALE', 76819900, 'Бойко', 'СМ098897', 'Валерьевич','063-540-99-12', 'http://cs623717.vk.me/v623717392/2f693/SvEhrRadwv8.jpg'),
  (9, '1990-10-11', 'fridman@gmail.com', 'Анна', 'FEMALE', 22091655, 'Фридман', 'ТД375946', 'Алексеевна','066-466-78-33', 'http://cs623717.vk.me/v623717392/2f69c/N_NzYco46hE.jpg'),
  (10, '1988-01-09', 'voropaev@gmail.com', 'Георгий', 'MALE', 34887253, 'Воропаев', 'СД475869', 'Сергеевич','097-569-76-67', 'http://cs623717.vk.me/v623717392/2f6ed/8pwTalSgq9Q.jpg');

UPDATE teachers SET description = 'Николай – автоинструктор по призванию, одаренный преподаватель с опытом более 8 лет. Его особый подход к процессу практического обучения заключается в умении подать ученику только точную информацию, основанную на правилах дорожного движения, без излишней путаницы.
Занятия с инструктором интересны и носят серьезных характер, подходящий по стилю для тех, кто не хочет зря прокатывать свое время и средства. Если вы хотите максимально быстро, но при этом основательно обучиться водить автомобиль, то в таком случае Николай Игоревич будет для вас идеальным наставником и мудрым учителем.
Автоинструктор научит специальным техникам вождения, которые позволят ученику не перенять, а именно сформировать свой собственный стиль вождения. Пройдя практические занятия, вы будете чувствовать себя за рулем автомобиля так, будто были водителем всю свою жизнь. Для этого вам необходимо желание обучаться и позвонить по телефону автошколы, попросив записать вас к Николаю Игоревичу.' where id=1;
UPDATE teachers SET description = 'Алексей за семь лет работы автоинструктором в Киеве подготовил к успешной сдачи экзаменов по вождению многих учеников.
Обучаться новому не просто, а обучать вождению – еще и очень ответственно. Алексей Александрович умеет понять каждого ученика и преподавать для него на понятном простом языке. Этот талант автоинструктора выделяет его среди других преподавателей в столице, целью которых является лишь банальный процесс работы.
Придя на практику вождения к этому автоинструктору вы сможете спокойно настроиться на управление автомобилем, переключившись с повседневной суеты на захватывающий процесс познания нового.
Инструктор по вождению умеет подбодрить и мотивировать, поддержать толковым советом, пояснить любую дорожную ситуацию, уместно напомнить правила дорожного движения, акцентировать внимание на главном и повторить важные моменты столько раз, пока каждый не усвоит информацию.
Уроки проходят в непринужденной легкой обстановке, но учебный материал будет подан вам в полном объеме и толково.
Справедливый подход и уважение к своим ученикам Алексей Александрович проявляет в умении как похвалить за хорошие результаты, так и мягко указать на недочеты, выяснив при этом, что именно не понятно ученику, если он допускает ошибки в процессе вождения.' where id=2;
UPDATE teachers SET description = 'Валерия – автоинструктор с двадцатилетним водительским опытом, преподает уроки вождения с 2005 года. Автоинструктор индивидуально подходит к каждому ученику, основной чертой является вежливость и умение пояснить материал доступным языком. Внимательность к мелочам позволяет Валерии Вячеславовне находить кратчайший путь к пониманию каждого ученика, а важные советы из собственного опыта вождения существенно расширяют знания и кругозор учащихся.
Уроки вождения преподаются в форме непринужденной дружеской беседы, с подсказками как вести себя на дороге в тех или иных жизненных дорожных ситуациях. Множество интересных и полезных тонкостей передаются ученикам, если им интересно слушать автоинструктора. Простая подача обучающего материала в сочетании с уравновешенным опытом этого мудрого человека позволили ей подготовить к сдаче экзаменов по вождению уже не одно поколение учеников, завоевав своим трудом их уважение и признательность.
Наша автошкола гордится сотрудничеством с Валерией Вячеславовной и настоятельно рекомендует её каждому будущему ученику, кто еще раздумывает над выбором «своего» автоинструктора.' where id=3;
UPDATE teachers SET description = 'Виталий – один из самых терпеливых и толерантных автоинструкторов в автошколе. Категорически не приемлет грубости и хамства, поэтому его ученики часто признаются, что вывести автоинструктора из себя практически невозможно, он не подымает голоса на учащихся. При мягкости характера, Виталий Валериевич более 6 лет преподает уроки вождения на высоком профессиональном уровне, он на собственном опыте знает, что терпением и доходчивым пояснением каждой дорожной ситуации можно помочь каждому ученику достичь высокого мастерства вождения.
Виталий Валериевич успешно преподает уроки вождения дамам, благодаря вежливости и профессиональной этике, являясь ведущим автоинструктором для женщин.
Правило «Относись к людям так, как хочешь, чтоб к тебе относились» - главный принцип не только в общении с людьми, но и при движении в автомобиле по дорогам. Нет максимального возраста, в котором не поздно научиться водить, есть только желание обучиться, а преодолеть сомнения в своих силах и страх перед управлением автомобилем поможет наш автоинструктор.' where id=4;
UPDATE teachers SET description = 'Инна проводит занятия по практике вождения уже 9 лет. Она заслуженно является почетным автоинструктором в нашем городе, признана многими учениками одним из наилучших учителей по уровню обучения вождению.
Главными составляющими успешного обучения у Инны Александровны являются её последовательность в изложении материала, спокойный нрав, позитивный настрой по отношению к каждому обучаемому и преданность любимому делу. Опыт работы в нашей автошколе – с первого открытого урока девять лет назад. И по сей день удача сопутствует всем записавшимся к Инне Александровне ученикам!
Занятия по вождению будут проходить в непринужденной обстановке, но стиль управления автомобилем будет представлен реалистичный, учитывая требования к необходимому уровню мастерства водителей в реальных условиях на дорогах города. На занятиях вы не только приобретете нужные навыки и уверенность в управлении авто, но и припомните правила дорожного движения, рассмотрите частые ситуации, о которых должен знать опытный водитель, узнаете много полезного о проезде перекрестков, маневрировании в заторах, о вождении зимой и в сложных погодных условиях.' where id=5;
UPDATE teachers SET description = 'Один из талантов Дмитрия заключается в умении проехать любой сложный перекресток в столице с максимальной точностью, без задержек и при полном соблюдении правил дорожного движения.
Ученики автоинструктора в восторге от каждого урока, ведь время за рулем пролетает незаметно, процесс езды захватывает и вызывает интерес. Такой положительный эффект способствует быстрому обучению вождению. Как Дмитрию Анатольевичу удается легко обучать своих учеников? Весь секрет в его располагающем характере, умении настроить ученика на доверительное партнерство во время езды. Именно уважительное дружеское отношение автоинструктора позволяет проводить уроки вождения без стресса для обучающегося.
Вспомните, сколько раз вам приходилось ощущать зажатость или скованность на других занятиях с учителями, если те держались высокомерно, а учебный материал подавался сжато. Всем нам еще со школьной скамьи знакомо это чувство отставания от предмета, из-за нежелания слушать и слышать учителя с презрительным отношением к ученикам. Учиться водить автомобиль нужно в спокойной атмосфере, так навыки вождения быстрее закрепляются, становясь опытом.
Запишитесь на частные уроки вождения к Дмитрию и вы не только хорошо научитесь водить автомобиль с автоматической коробкой передач, но и приятно проведете время на каждом занятии!' where id=6;
UPDATE teachers SET description = 'Сказать, что Виктория  профессионал своего дела - значит сказать одновременно все и, в тоже время, не сказать ничего. Можно без остановки перечислять её достоинства как автоинструктора: направленность на конечный результат, желание отдать максимум своих знаний ученику, бесконечное повторение простых истин, которые,  в конце концов, прочно закрепляются  в головах наших учеников:), терпение, тактичность, отличное чувство юмора, аккуратность, постоянная работа над теми ситуациями, которые даются ученику тяжелее всего (бесконечное количество поворотов налево на регулируемых и нерегулируемых перекрестках, когда у учеников одно слово "налево" уже вызывало дрожь в коленах:)).
Вот именно исходя из всего выше написанного (и многого ненаписаного, потому что все перечислить нереально), ученики выражают благодарность за те навыки вождения, которым Виктория Владиславовна обучила, за тот маниакальный страх за рулем, который наконец оставил их, все больше уступая место уверенности, за требование знаний ПДД, и, вообще,  за интересное общение!' where id=7;
UPDATE teachers SET description = 'Константин – автоинструктор по призванию, одаренный преподаватель с опытом более 8 лет. Его особый подход к процессу практического обучения заключается в умении подать ученику только точную информацию, основанную на правилах дорожного движения, без излишней путаницы.
Занятия с инструктором интересны и носят серьезных характер, подходящий по стилю для тех, кто не хочет зря прокатывать свое время и средства. Если вы хотите максимально быстро, но при этом основательно обучиться водить автомобиль, то в таком случае Константин Валерьевич будет для вас идеальным наставником и мудрым учителем.
Автоинструктор научит специальным техникам вождения, которые позволят ученику не перенять, а именно сформировать свой собственный стиль вождения. Пройдя практические занятия, вы будете чувствовать себя за рулем автомобиля так, будто были водителем всю свою жизнь. Для этого вам необходимо желание обучаться и позвонить по телефону автошколы, попросив записать вас к Константину Валерьевичу.' where id=8;
UPDATE teachers SET description = 'Анна проводит занятия по практике вождения уже 9 лет. Она заслуженно является почетным автоинструктором в нашем городе, признана многими учениками одним из наилучших учителей по уровню обучения вождению.
Главными составляющими успешного обучения у Анны Алексеевны являются её последовательность в изложении материала, спокойный нрав, позитивный настрой по отношению к каждому обучаемому и преданность любимому делу. Опыт работы в нашей автошколе – с первого открытого урока девять лет назад. И по сей день удача сопутствует всем записавшимся к Анне Алексеевне ученикам!
Занятия по вождению будут проходить в непринужденной обстановке, но стиль управления автомобилем будет представлен реалистичный, учитывая требования к необходимому уровню мастерства водителей в реальных условиях на дорогах города. На занятиях вы не только приобретете нужные навыки и уверенность в управлении авто, но и припомните правила дорожного движения, рассмотрите частые ситуации, о которых должен знать опытный водитель, узнаете много полезного о проезде перекрестков, маневрировании в заторах, о вождении зимой и в сложных погодных условиях.' where id=9;
UPDATE teachers SET description = 'Георгий – один из самых терпеливых и толерантных автоинструкторов в автошколе. Категорически не приемлет грубости и хамства, поэтому его ученики часто признаются, что вывести автоинструктора из себя практически невозможно, он не подымает голоса на учащихся. При мягкости характера, Георгий Сергеевич более 6 лет преподает уроки вождения на высоком профессиональном уровне, он на собственном опыте знает, что терпением и доходчивым пояснением каждой дорожной ситуации можно помочь каждому ученику достичь высокого мастерства вождения.
Георгий Сергеевич успешно преподает уроки вождения дамам, благодаря вежливости и профессиональной этике, являясь ведущим автоинструктором для женщин.
Правило «Относись к людям так, как хочешь, чтоб к тебе относились» - главный принцип не только в общении с людьми, но и при движении в автомобиле по дорогам. Нет максимального возраста, в котором не поздно научиться водить, есть только желание обучиться, а преодолеть сомнения в своих силах и страх перед управлением автомобилем поможет наш автоинструктор.' where id=10;


INSERT INTO cars (id, brand, model, horsepower, transmission, priceperhour, photourl, instructor_id) VALUES
  (1, 'Porsche', '911 Turbo', 370, 'MANUAL', 170, 'http://cs623717.vk.me/v623717392/30d70/nDWkza7tZ7A.jpg', 1),
  (2, 'BMW', 'M3', 270, 'MANUAL', 95, 'http://cs623717.vk.me/v623717392/30d60/yVT6nbh6YO0.jpg', 3),
  (3, 'Lamborghini', 'Aventador', 835, 'MANUAL', 250, 'http://cs621222.vk.me/v621222392/16543/fjGBpQ_AarM.jpg', 4),
  (4, 'Audi', 'R8', 325, 'AUTO', 100, 'http://cs621222.vk.me/v621222392/1654c/CbkK4Whte48.jpg', 8),
  (5, 'Ferrari', '458 Italia Spider', 457, 'AUTO', 190, 'http://cs621222.vk.me/v621222392/16826/2evXSBDLhpM.jpg', 9);

INSERT INTO groups (id, name, description, startdate, finishdate, teacher_id) VALUES
  (1, 'E5-03-2015', 'ПН СР 17:30-19:45', '2015-01-24', '2015-03-05', 2),
  (2, 'M7-03-2015', 'ВТ ЧТ 18:00-20:15', '2015-03-19', '2015-05-20', 5),
  (3, 'D11-05-2015', 'ПН СР 19:00-21:15', '2015-04-11', '2015-06-12', 6),
  (4, 'E19-07-2015', 'ВТ ЧТ 18:30-20:45', '2015-07-09', '2015-09-20', 7),
  (5, 'D24-08-2015', 'ПН СР 17:00-19:15', '2015-08-20', '2015-10-25', 10),
  (6, 'D32-10-2015', 'ПН СР 17:15-19:30', '2015-10-20', '2015-12-25', 2);

INSERT INTO students (id, birthday, email, firstname, gender, inn, lastname, passport, patronymic, tel, login, password, ridenumber, group_id, instructor_id) VALUES
  (1, '1988-03-19', 'govorov@mail.ru', 'Сергей', 'MALE', 37430098, 'Говоров', 'АН477865', 'Фёдорович', '093-678-09-54', 'govorov', 'govorov', 10, 1, 1),
  (2, '1989-11-23', 'dobrynin@mail.ru', 'Андрей', 'MALE', 34534534, 'Добрынин', 'АН477865', 'Дмитриевич', '095-365-66-34', 'dobrynin', 'dobrynin', 20, 1, 8),
  (3, '1985-09-12', 'valuev@mail.ru', 'Вадим', 'MALE', 67576564, 'Валуев', 'АН477865', 'Тимурович', '066-465-67-34', 'valuev', 'valuev', 10, 1, 3),
  (4, '1984-05-08', 'geludev@mail.ru', 'Юрий', 'MALE', 34647978, 'Жёлудев', 'АН477865', 'Евгеньевич', '050-254-65-34', 'geludev', 'geludev', 10, 1, 4),
  (5, '1978-04-05', 'topoleva@mail.ru', 'Анна', 'FEMALE', 56734523, 'Тополёва', 'АН477865', 'Дмитриевна', '095-657-55-45', 'topoleva', 'topoleva', 20, 1, 4),
  (6, '1990-09-23', 'basina@mail.ru', 'Лилия', 'FEMALE', 97056345, 'Басина', 'АН477865', 'Александровна', '095-254-65-34', 'basina', 'basina', 20, 1, 1),
  (7, '1984-02-27', 'gavriluk@mail.ru', 'Ольга', 'FEMALE', 56243567, 'Гаврилюк', 'АН477865', 'Георгиевна', '050-334-65-88', 'gavriluk', 'gavriluk', 10, 1, 3),
  (8, '1989-11-03', 'fedorenko@mail.ru', 'Марина', 'FEMALE', 36574565, 'Федоренко', 'АН477865', 'Сергеевна', '067-276-56-45', 'fedorenko', 'fedorenko', 20, 1, 9),
  (9, '1987-03-12', 'rokov@mail.ru', 'Сергей', 'MALE', 56347655, 'Роков', 'АН477865', 'Павлович', '093-564-56-45', 'rokov', 'rokov', 10, 2, 3),
  (10, '1983-05-23', 'drobotenko@mail.ru', 'Олег', 'MALE', 25847365, 'Дроботенко', 'АН344523', 'Дмитриевич', '099-657-34-73', 'drobotenko', 'drobotenko', 10, 2, 4),
  (11, '1986-06-05', 'pugachev@mail.ru', 'Денис', 'MALE', 39561056, 'Пугачёв', 'АН907866', 'Денисович', '050-334-57-62', 'pugachev', 'pugachev', 10, 2, 9),
  (12, '1995-08-03', 'pavlov@mail.ru', 'Алексей', 'MALE', 44038563, 'Павлов', 'АН453342', 'Владимирович', '050-988-45-98', 'pavlov', 'pavlov', 10, 2, 4),
  (13, '1993-03-08', 'borisenko@mail.ru', 'Екатерина', 'FEMALE', 37726634, 'Борисенко', 'АН654533', 'Артуровна', '066-566-45-76', 'borisenko', 'borisenko', 10, 2, 4),
  (14, '1965-08-02', 'nekrasova@mail.ru', 'Инна', 'FEMALE', 44957483, 'Некрасова', 'АН452213', 'Станиславовна', '099-467-23-76', 'nekrasova', 'nekrasova', 10, 2, 3),
  (15, '1974-05-07', 'malysheva@mail.ru', 'Ксения', 'FEMALE', 33098564, 'Малышева', 'АН657445', 'Валериевна', '063-836-05-34', 'malysheva', 'malysheva', 10, 2, 8),
  (16, '1979-08-05', 'moskalenko@mail.ru', 'Елена', 'FEMALE', 33756455, 'Москаленко', 'АН763342', 'Даниловна', '093-095-76-98', 'moskalenko', 'moskalenko', 10, 2, 9),
  (17, '1973-05-12', 'fedorovsky@mail.ru', 'Дмитрий', 'MALE', 46543756, 'Федоровский', 'АН455365', 'Романович', '095-465-76-45', 'fedorovsky', 'fedorovsky', 10, 3, 3),
  (18, '1970-05-25', 'chernetsov@mail.ru', 'Евгений', 'MALE', 48577239, 'Чернецов', 'АН488675', 'Петрович', '099-774-66-23', 'chernetsov', 'chernetsov', 10, 3, 4),
  (19, '1991-04-30', 'barabash@mail.ru', 'Михаил', 'MALE', 12009835, 'Барабаш', 'АН687456', 'Денисович', '097-243-54-77', 'barabash', 'barabash', 10, 3, 4),
  (20, '1992-07-20', 'labinsky@mail.ru', 'Яков', 'MALE', 37761432, 'Лабинский', 'АН775634', 'Игоревич', '098-134-27-83', 'labinsky', 'labinsky', 10, 3, 1),
  (21, '1989-05-25', 'zolotaryeva@mail.ru', 'Елена', 'FEMALE', 09887354, 'Золотарёва', 'АН658567', 'Николаевна', '066-895-38-93', 'zolotaryeva', 'zolotaryeva', 10, 3, 3),
  (22, '1983-12-25', 'dolinnaya@mail.ru', 'Алина', 'FEMALE', 28876354, 'Долинная', 'АН905674', 'Васильевна', '093-733-34-74', 'dolinnaya', 'dolinnaya', 10, 3, 8),
  (23, '1981-12-15', 'smaliy@mail.ru', 'Антонина', 'FEMALE', 15534209, 'Смалий', 'АН086545', 'Глебовна', '050-557-16-77', 'smaliy', 'smaliy', 10, 3, 9),
  (24, '1988-07-15', 'severina@mail.ru', 'Римма', 'FEMALE', 25446342, 'Северина', 'АН675564', 'Тарасовна', '095-906-75-36', 'severina', 'severina', 10, 3, 8),
  (25, '1988-04-21', 'derevayanko@mail.ru', 'Тарас', 'MALE', 46534879, 'Деревянко', 'АН678443', 'Георгиевич', '050-456-64-65', 'derevayanko', 'derevayanko', 10, 4, 9),
  (26, '1987-09-25', 'pavlenko@mail.ru', 'Анатолий', 'MALE', 35471423, 'Павленко', 'АН557563', 'Васильевич', '066-663-74-54', 'pavlenko', 'pavlenko', 10, 4, 4),
  (27, '1986-06-14', 'karavaev@mail.ru', 'Константин', 'MALE', 98057354, 'Караваев', 'АН894578', 'Петрович', '099-856-76-66', 'karavaev', 'karavaev', 10, 4, 9),
  (28, '1984-07-24', 'glazunov@mail.ru', 'Александр', 'MALE', 39674926, 'Глазунов', 'АН563348', 'Алексеевич', '067-967-64-67', 'glazunov', 'glazunov', 10, 4, 1),
  (29, '1980-10-05', 'tropinina@mail.ru', 'Раиса', 'FEMALE', 38564773, 'Тропинина', 'АН896578', 'Ивановна', '093-678-67-45', 'tropinina', 'tropinina', 10, 4, 8),
  (30, '1990-11-15', 'talkova@mail.ru', 'Валенитина', 'FEMALE', 19904534, 'Талькова', 'АН054675', 'Семёновна', '063-375-87-56', 'talkova', 'talkova', 10, 4, 8),
  (31, '1996-11-18', 'grishina@mail.ru', 'Александра', 'FEMALE', 27566453, 'Гришина', 'АН658231', 'Михайловна', '093-845-87-45', 'grishina', 'grishina', 10, 4, 3),
  (32, '1994-12-01', 'lomonosova@mail.ru', 'Мария', 'FEMALE', 44534409, 'Ломоносова', 'АН329054', 'Львовна','097-536-65-76', 'lomonosova', 'lomonosova', 10, 4, 1),
  (33, '1984-01-05', 'vlasenko@mail.ru', 'Георгий', 'MALE', 19987332, 'Власенко', 'АН665498', 'Дмитриевич','095-867-65-45', 'vlasenko', 'vlasenko', 10, 5, 3),
  (34, '1983-01-15', 'zavadsky@mail.ru', 'Пётр', 'MALE', 10096453, 'Завадский', 'АН547834', 'Кириллович','098-534-56-67', 'zavadsky', 'zavadsky', 10, 5, 3),
  (35, '1981-04-11', 'litvinenko@mail.ru', 'Максим', 'MALE', 20990845, 'Литвиненко', 'АН658790', 'Данилович','068-956-56-66', 'litvinenko', 'litvinenko', 10, 5, 1),
  (36, '1980-08-12', 'vinogradov@mail.ru', 'Евгений', 'MALE', 20954633, 'Виноградов', 'АН985644', 'Олегович','050-045-66-44', 'vinogradov', 'vinogradov', 10, 5, 4),
  (37, '1985-04-13', 'tsybulenko@mail.ru', 'Эльвира', 'FEMALE', 13340998, 'Цыбуленко', 'АН566745', 'Николаевна','098-945-99-88', 'tsybulenko', 'tsybulenko', 10, 5, 4),
  (38, '1984-05-23', 'grigoryeva@mail.ru', 'Ольга', 'FEMALE', 22775645, 'Григорьева', 'АН657756', 'Витальевна','067-745-67-76', 'grigoryeva', 'grigoryeva', 10, 5, 9),
  (39, '1983-08-27', 'vakulenko@mail.ru', 'Нина', 'FEMALE', 22988453, 'Вакуленко', 'АН769877', 'Владимировна','067-856-56-54', 'vakulenko', 'vakulenko', 10, 5, 8),
  (40, '1987-09-01', 'friske@mail.ru', 'Жанна', 'FEMALE', 20099838, 'Фриске', 'АН675563', 'Вячеславовна','097-945-55-09', 'friske', 'friske', 10, 5, 1);

INSERT INTO registrations (id, firstname, lastname, patronymic, tel, email, car_id) VALUES
  (1, 'Иван', 'Викторов', 'Фёдорович', '093-678-09-54', 'dovoddv@mail.ru', 1),
  (2, 'Сергей', 'Симоненко', 'Иванович', '093-678-09-54', 'dovoddv@mail.ru', 3),
  (3, 'Константин', 'Розенбаум', 'Фёдорович', '093-678-09-54', 'dovoddv@mail.ru', 5),
  (4, 'Светлана', 'Акименко', 'Сергеевна', '093-678-09-54', 'dovoddv@mail.ru', 1);

insert into themes (id, name) values
  (1, 'Общие положения'),
  (2, 'Обязанности и права водителей механических транспортных средств'),
  (3, 'Движение транспортных средств со специальными сигналами'),
  (4, 'Обязанности и права пешеходов'),
  (5, 'Обязанности и права пассажиров'),
  (6, 'Требования к велосипедистам'),
  (7, 'Требования к управляющим гужевым транспортом и погонщикам'),
  (8, 'Регулирование дорожного движения'),
  (9, 'Предупреждающие сигналы'),
  (10, 'Начало движения и изменение его направления'),
  (11, 'Расположение транспортных средств на дороге'),
  (12, 'Скорость движения'),
  (13, 'Дистанция, интервал, встречный разъезд'),
  (14, 'Обгон'),
  (15, 'Остановка и стоянка'),
  (16, 'Проезд перекрёстков'),
  (17, 'Преимущества маршрутных транспортных средств'),
  (18, 'Проезд пешеходных переходов и остановок транспортных средств'),
  (19, 'Пользование внешними осветительными приборами'),
  (20, 'Движение через железнодорожные переезды'),
  (21, 'Перевозки пассажиров'),
  (22, 'Перевозки грузов'),
  (23, 'Буксировка и эксплуатация траспортных составов'),
  (24, 'Учебная езда'),
  (25, 'Движение транспортных средств в колоннах'),
  (26, 'Движение в жилой и пешеходной зонах'),
  (27, 'Движение по автомагисталям и дорогам для автомобилей'),
  (28, 'Движение по горным дорогам и на крутых спусках'),
  (29, 'Международное движение'),
  (30, 'Номерные, опознавательные знаки, надписи и обозначения'),
  (31, 'Техническое состояние транспортных средств и их оборудование'),
  (32, 'Отдельные вопросы ПДД, требующие согласования с ГАИ'),
  (33, 'Дорожные знаки (Дополнение 1)'),
  (34, 'Дорожная разметка (Дополнение 2)'),
  (35, 'Основы права'),
  (36, 'Основы оказания медицинской помощи при ДТП');
insert into exams (id, name, questionperticketquantity, ticketquantity) VALUES
  (1, '2013-АВ', 20, 5),
  (2, '2013-АВ-Киев', 10, 10);
insert into tickets (id, number, exam_id) values
  (1, 1, 1);
INSERT INTO questions (pathtopicture, id, number, question, theme_id, ticket_id, description) VALUES
  ('',1, 1, 'Что означает, по Правилам дорожного движения, термин «остановка»?', 1, 1, '1. Общие положения.<br>1.10. остановка – прекращение движения транспортно­го средства на время до 5 минут или более, если это не­обходимо для посадки (высадки) пассажиров либо по­грузки (разгрузки) груза, выполнения требований настоящих Правил (предоставление преимущества в движении, выполнение требований регулировщика, сигналов светофора и т. п.);'),
  ('',2, 2, 'Как должен поступить водитель мотоцикла без бокового прицепа, если он услышал специальный звуковой сигнал и увидел, что его догоняет автомобиль с включённым проблесковым маячком синего цвета?', 3, 1, '3. Движение транспортных средств со специальными сигналами.<br>3.2. В случае приближения транспортного средства с включенным синим проблесковым маячком и (или) специальным звуковым сигналом водители прочих транспортных средств, которые могут создавать ему препятствие для движения, обязаны уступить ему до­рогу и обеспечить беспрепятственный проезд ука­занного транспортного средства (и сопровождаемых им транспортных средств).<br>На транспортных средствах, движущихся в со­провождаемой колонне, должен быть включен ближ­ний свет фар.<br>Если на таком транспортном средстве включены проблесковые маячки синего и красного или только красного цвета, водители прочих транспортных средств обязаны остановиться у правого края проез­жей части (на правой обочине). На дороге с раздели­тельной полосой это требование обязаны выполнить водители транспортных средств, движущихся в по­путном направлении.'),
  ('http://cs625429.vk.me/v625429680/23b8e/igmTrZAYFZU.jpg',3, 3, 'Как должен поступить водитель, если его транспортное средство не может продолжать движение на подъеме со скоростью равной или более 40 км/ч?', 33, 1, '33. Дорожные знаки.<br>5.20.1 - 5.20.3 «Начало дополнительной полосы движения». Начало дополнительной полосы движения на подъеме или полосы торможения.<br>Если на знаке, установленном перед дополнительной полосой, изображен знак 4.16, водитель транспортного средства, которое не может продолжать движение по основной полосе с указанной или большей скоростью, должен перестроиться на дополнительную полосу движения.<br>Знак 5.20.3 обозначает начало дополнительной полосы слева или начало полосы торможения перед перекрестком для поворота налево или разворота.'),
  ('http://cs625429.vk.me/v625429680/23b95/PkdydIJ1VAg.jpg',4, 4, 'Данный дорожный знак обозначает:', 33, 1, '33. Дорожные знаки.<br>1.32 «Пешеходный переход». Приближение к нерегулируемому пешеходному переходу, обозначенному соответствующими дорожными знаками или дорожной разметкой.'),
  ('http://cs625429.vk.me/v625429680/23b9c/mJJM4h6HNQA.jpg',5, 5, 'Данным дорожным знаком:', 33, 1, '33. Дорожные знаки.<br>3.23 «Поворот налево запрещен». Запрещается поворот налево транспортных средств. При этом разворот разрешается.'),
  ('http://cs625429.vk.me/v625429680/23ba3/X5lrdP0ppk8.jpg',6, 6, 'Разрешается ли пересекать узкую сплошную белую линию дорожной разметки, обозначающую край проезжей части дороги, смежный с обочиной?', 34, 1, '34. Дорожная разметка.<br>1.1 (узкая сплошная линия) — разделяет транспортные потоки противоположных направлений и обозначает границы полос движения на дорогах; обозначает границы проезжей части, на которые въезд запрещен; обозначает границы мест стоянки транспортных средств, площадок для парковки и край проезжей части дорог, не отнесенных по условиям движения к автомагист­ралям;'),
  ('http://cs625429.vk.me/v625429680/23baa/LvZwZm-MPPE.jpg',7, 7, 'Данным дорожным знаком:', 33, 1, '33. Дорожные знаки.<br>3.6 «Движение мотоциклов запрещено».<br>1. Общие положения.<br>1.10. мотоцикл – двухколесное механическое транс­портное средство с боковым прицепом или без него, имеющее двигатель с рабочим объемом 50 куб. см и бо­лее. К мотоциклам приравниваются мотороллеры, мо­токоляски, трехколесные и другие механические транспортные средства, разрешенная максимальная масса которых не превышает 400 кг;'),
  ('',8, 8, 'Чем должен руководствоваться водитель, когда требования временных дорожных знаков и линий разметки противоречат друг другу?', 8, 1, '8. Регулирование дорожного движения.<br>8.2. Дорожные знаки имеют преимущество перед дорожной разметкой и могут быть постоянными, временными и со сменной информацией. Временные дорожные знаки размещаются на переносных устройствах, дорожном оборудовании или закрепляются на щите с фоном желтого цвета и имеют преимущество перед постоянными дорожными знаками.'),
  ('',9, 9, 'На каком расстоянии от пешеходных переходов запрещаются остановка и стоянка транспортных средств?', 15, 1, '15. Остановка и стоянка.<br>15.9. Остановка запрещается:<br>г) на пешеходных переходах и ближе 10 м от них с обеих сторон, кроме случаев предоставления преимущества в движении;'),
  ('http://cs625429.vk.me/v625429680/23bb1/rVDlNWQ9LJ8.jpg',10, 10, 'Как должен поступить водитель легкового автомобиля в показанной ситуации?', 10, 1, '10. Начало движения и изменение его направления.<br>10.2. Выезжая на дорогу из жилой зоны, дворов, мест сто­янки, автозаправочных станций и других примыкаю­щих территорий, водитель должен перед проезжей частью или тротуаром уступить дорогу пешеходам и транспортным средствам, движущимся по ней, а съезжая с дороги - велосипедистам и пешеходам, направление движения которых он пересекает.'),
  ('',11, 11, 'Каким способом разрешается буксировка легкового автомобиля с неисправным двигателем? Дайте полный ответ.', 23, 1, '23. Буксировка и эксплуатация транспортных составов.<br>23.4. При буксировке механического транспортного сред­ства на гибкой сцепке у буксируемого транспортного средства должны действовать и быть исправными рабочая тормозная система и рулевое управление, а на жесткой сцепке — рулевое управление.'),
  ('',12, 12, 'Разрешается ли двигаться без необходимости с очень малой скоростью?', 12, 1, '12. Скорость движения.<br>12.9. Водителю запрещается:<br>в) препятствовать другим транспортным сред­ствам, двигаясь без необходимости с очень малой скоростью;'),
  ('',13, 13, 'Водитель какого транспортного средства должен уступить дорогу при встречном разъезде на участках дорог, обозначенных знаком «Крутой спуск»?', 13, 1, '13. Дистанция, интервал, встречный разъезд.<br>13.4. Если встречный разъезд затруднен, водитель, на по­лосе движения которого имеется препятствие или га­бариты управляемого им транспортного средства мешают встречному движению, должен уступить до­рогу. На участках дорог, обозначенных знаками 1.6 «Крутой подъем», 1.7 «Крутой спуск» при наличии препятствия уступить дорогу должен водитель транс­портного средства, движущегося на спуск.'),
  ('http://cs625429.vk.me/v625429680/23bb8/Nf0M6GIMBHc.jpg',14, 14, 'Данным опознавательным знаком обозначаются транспортные средства:', 30, 1, '30. Номерные, опознавательные знаки, надписи и обозначения.<br>30.3. На соответствующих транспортных средствах уста­навливаются следующие опознавательные знаки:<br>ж) «Врач» квадрат синего цвета (сторона - 140мм.) с вписанным зеленым кругом (диаметр - 125мм.), на который нанесен белый крест (длина штриха - 90мм., ширина - 25мм.). Знак размещает­ся спереди и сзади на автомобилях, принадлежащих водителям-врачам (с их согласия).<br>Если на транспортном средстве размещен опознавательный знак «Врач», в нем должна быть специ­альная медицинская аптечка и инструментарий по перечню, определенному МЗО, для оказания квали­фицированной помощи при дорожно-транспортном происшествии;'),
  ('',15, 15, 'Разрешаются ли остановка и стоянка легковых автомобилей на левой стороне дороги с односторонним движением?', 15, 1, '15. Остановка и стоянка.<br>15.3. В населенных пунктах остановка и стоянка транспортных средств разрешаются на левой стороне дороги, имеющей по одной полосе для движения в каждом направлении (без трамвайных колей посередине) и не разделенной разметкой 1.1 (см. Дорожная разметка)а также на левой стороне дороги с односторонним движением.<br>Если дорога имеет бульвар или разделительную полосу, остановка и стоянка транспортных средств возле них запрещаются.'),
  ('',16, 16, 'Если водитель нерельсового транспортного средства приближается к перекрёстку, к которому приближается справа и другое транспортное средство, то:', 16, 1, '16. Проезд перекрестков.<br>16.11. На перекрестке неравнозначных дорог водитель транспортного средства, движущегося по второсте­пенной дороге, должен уступить дорогу транспорт­ным средствам, приближающимся к данному пере­сечению проезжих частей по главной дороге, незави­симо от направления их дальнейшего движения.<br>16.12. На перекрестке равнозначных дорог водитель не­рельсового транспортного средства обязан уступить дорогу транспортным средствам, приближающимся справа.<br>Этим правилом должны руководствоваться меж­ду собой и водители трамваев.<br>На любом нерегулируемом перекрестке трамвай, независимо от направления его дальнейшего движе­ния, имеет преимущество перед нерельсовыми транспортными средствами, приближающимися к нему по равнозначной дороге.'),
  ('',17, 17, 'Движение по проезжей части на велосипедах разрешается только в один ряд по правой крайней полосе как можно правее. В каких случаях разрешается выезд из данной полосы?', 11, 1, '11. Расположение транспортных средств на дороге.<br>11.14. Движение по проезжей части на велосипедах, мопе­дах, гужевых повозках (санях) и всадникам разреша­ется только в один ряд по правой крайней полосе как можно правее, за исключением случаев, когда вы­полняется объезд. Поворот налево и разворот разре­шаются на дорогах с одной полосой для движения в каждом направлении и без трамвайного пути посе­редине. Разрешается движение по обочине, если это не создаст препятствий пешеходам.'),
  ('http://cs625429.vk.me/v625429680/23bbf/NnW4dLamJ4Q.jpg',18, 18, 'Вы приближаетесь к нерегулируемому пешеходному переходу. Как вы должны поступить в данной ситуации?', 18, 1, '18. Проезд пешеходных переходов и остановок транспортных средств.<br>18.1. Водитель транспортного средства, приближающего­ся к нерегулируемому пешеходному переходу, на ко­тором находятся пешеходы, должен уменьшить ско­рость, а при необходимости остановиться, чтобы ус­тупить дорогу пешеходам, для которых может быть создано препятствие или опасность.'),
  ('http://cs625429.vk.me/v625429680/23bc6/GDIxVG65SOE.jpg',19, 19, 'Как следует двигаться по горным дорогам?', 28, 1, '28. Движение по горным дорогам и на крутых спусках.<br>28.3. На горных дорогах запрещено:<br>а) двигаться с неработающим двигателем и вы­ключенными сцеплением или передачей;'),
  ('http://cs625429.vk.me/v625429680/23b87/ImbnlgvYlfY.jpg',20, 20, 'Вторым проедет перекрёсток:', 16, 1, '16. Проезд перекрестков.<br>16.11. На перекрестке неравнозначных дорог водитель транспортного средства, движущегося по второсте­пенной дороге, должен уступить дорогу транспорт­ным средствам, приближающимся к данному пере­сечению проезжих частей по главной дороге, незави­симо от направления их дальнейшего движения.<br>16.14. Если главная дорога на перекрестке изменяет на­правление, водители движущихся по ней транспорт­ных средств должны руководствоваться между собой правилами проезда перекрестков равнозначных дорог.<br>Этим правилом должны руководствоваться меж­ду собой и водители, движущиеся по второстепенным дорогам.');

insert into answers (id, answer, correct, question_id) values
  (1, 'Только прекращение движения транспортного средства для посадки (высадки) пассажиров либо погрузки (разгрузки) груза, а также для выполнения требований Правил.', false, 1),
  (2, 'Прекращение движения транспортного средства на время до 5 минут или более, если это необходимо для посадки (высадки) пассажиров либо погрузки (разгрузки) груза, выполнения требований Правил.', true , 1),
  (3, 'Оба ответа дополняют друг друга и поэтому верны.', false , 1),

  (4, 'Увеличить скорость, чтобы не столкнуться с догоняющим автомобилем.', false , 2),
  (5, 'Подать звуковой сигнал, чтобы привлечь внимание других участников дорожного движения.', false , 2),
  (6, 'Уступить дорогу такому транспортному средству и обеспечить ему беспрепятственный проезд.', true , 2),

  (7, 'Продолжать движение по основной полосе, если за ним нет других транспортных средств.', false, 3),
  (8, 'Перестроиться на дополнительную полосу.', true , 3),
  (9, 'Продолжать движение по основной полосе, если длина подъема не превышает 300 м.', false , 3),

  (10, 'Участок дороги, на котором нет тротуара или пешеходной дорожки.', false , 4),
  (11, 'Участок дороги, на котором имеется тротуар или пешеходная дорожка.', false , 4),
  (12, 'Приближение к нерегулируемому пешеходному переходу, обозначенному соответствующими дорожными знаками или дорожной разметкой.', true , 4),

  (13, 'Запрещается разворот, поворот налево разрешается.', false, 5),
  (14, 'Запрещается поворот налево, разворот разрешается.', true , 5),
  (15, 'Запрещаются поворот налево и разворот.', false , 5),

  (16, 'Разрешается.', true , 6),
  (17, 'Запрещается.', false , 6),

  (18, 'Разрешено движение на трёхколёсных и других механических транспортных средствах, разрешённая максимальная масса которых не превышает 400 кг.', false, 7),
  (19, 'Запрещено движение только на мотоциклах с боковым прицепом.', false , 7),
  (20, 'Разрешено движение на мотороллерах и велосипедах.', false , 7),
  (21, 'Запрещается движение на мотоциклах. Действие знака не распространяется на водителей, обслуживающих граждан, которые работают в обозначенной зоне.', true , 7),
  (22, 'Информация, заложенная в ответах 1, 3 и 4.', false , 7),

  (23, 'Временными дорожными знаками.', true , 8),
  (24, 'Линиями разметки.', false , 8),

  (25, 'Остановка и стоянка запрещены на самих пешеходных переходах и ближе 25 м от них с обеих сторон.', false, 9),
  (26, 'Остановка и стоянка запрещены на самих пешеходных переходах и ближе 15 м от них с обеих сторон.', false , 9),
  (27, 'Остановка и стоянка запрещены на самих пешеходных переходах и ближе 10 м от них с обеих сторон.', true , 9),

  (28, 'При выезде из двора уступить дорогу пешеходу и транспортным средствам.', true , 10),
  (29, 'Остановиться у края проезжей части, уступая дорогу транспортным средствам.', false , 10),
  (30, 'Быстрее завершить поворот, чтобы не создавать помехи транспортным средствам.', false , 10),

  (31, 'Способом частичной погрузки.', false, 11),
  (32, 'На жёсткой сцепке.', false , 11),
  (33, 'На гибкой сцепке.', false , 11),
  (34, 'На жёсткой или гибкой сцепке.', false , 11),
  (35, 'Любым вышеуказанным способом.', true , 11),

  (36, 'Разрешается при утомлённом состоянии водителя.', false , 12),
  (37, 'Запрещается, если это препятствует другим транспортным средствам.', true , 12),
  (38, 'Разрешается при проезде перекрёстков.', false , 12),

  (39, 'Водитель легкового автомобиля — водителю автобуса.', false, 13),
  (40, 'Водитель транспортного средства, движущегося на подъём.', false , 13),
  (41, 'Водитель транспортного средства, движущегося на спуск.', true , 13),

  (42, 'Перевозящие медикаменты.', false , 14),
  (43, 'Принадлежащие водителям-врачам.', true , 14),
  (44, 'Управляемые глухими или глухонемыми водителями.', false , 14),

  (45, 'Разрешаются только легковым автомобилям скорой медицинской помощи при оказании помощи больному.', false, 15),
  (46, 'Запрещаются всем легковым автомобилям.', false , 15),
  (47, 'Разрешаются всем легковым автомобилям на дорогах в населённых пунктах.', true , 15),

  (48, 'На перекрёстке равнозначных дорог преимущественное право предоставляется тому, кто приближается справа.', true , 16),
  (49, 'На неравнозначном перекрёстке преимущественное право предоставляется тому, кто приближается справа.', false , 16),
  (50, 'На перекрёстке любой конфигурации преимущественное право предоставляется тому, кто приближается справа.', false , 16),

  (51, 'Только когда выполняется объезд.', false, 17),
  (52, 'Для поворота налево и разворота в разрешённых Правилами дорожного движения случаях.', false , 17),
  (53, 'В случаях, указанных в ответах 1 и 2.', true , 17),
  (54, 'В случаях, указанных в ответах 1 и 2, а также при наличии не более двух полос для движения в данном направлении.', false , 17),

  (55, 'Снизить скорость, а в случае необходимости остановиться, чтобы уступить дорогу пешеходам, для которых может быть создано препятствие или опасность.', true , 18),
  (56, 'Увидив, что пешеходы заметили Вас, несколько увеличить скорость и побыстрее проехать пешеходный переход.', false , 18),

  (57, 'С работающим двигателем, с включёнными сцеплением и передачей.', true , 19),
  (58, 'С неработающим двигателем, но с включёнными сцеплением и передачей.', false , 19),
  (59, 'С неработающим двигателем и выключенными сцеплением или передачей.', false , 19),

  (60, 'Красный автомобиль.', false , 20),
  (61, 'Зелёный автомобиль.', true , 20),
  (62, 'Синий автомобиль.', false , 20);

INSERT INTO roadsigns (id, number, name, category, imageurl, description) VALUES
  (1,'1.1','Опасный поворот направо','Предупреждающий знак','/images/roadsigns/1.1_b.gif','http://pdd.ua/33/1.1/'),
  (2,'1.2','Опасный поворот налево','Предупреждающий знак','/images/roadsigns/1.2_b.gif','http://pdd.ua/33/1.2/'),
  (3,'1.3.1','Несколько поворотов','Предупреждающий знак','/images/roadsigns/1.3.1_b.gif','http://pdd.ua/33/1.3.1/'),
  (4,'1.3.2','Несколько поворотов','Предупреждающий знак','/images/roadsigns/1.3.2_b.gif','http://pdd.ua/33/1.3.2/'),
  (5,'1.4.1','Направление поворота','Предупреждающий знак','/images/roadsigns/1.4.1_b.gif','http://pdd.ua/33/1.4.1/'),
  (6,'1.4.2','Направление поворота','Предупреждающий знак','/images/roadsigns/1.4.2_b.gif','http://pdd.ua/33/1.4.2/'),
  (7,'1.4.3','Направление поворота','Предупреждающий знак','/images/roadsigns/1.4.3_b.gif','http://pdd.ua/33/1.4.3/'),
  (8,'1.5.1','Сужение дороги','Предупреждающий знак','/images/roadsigns/1.5.1_b.gif','http://pdd.ua/33/1.5.1/'),
  (9,'1.5.2','Сужение дороги','Предупреждающий знак','/images/roadsigns/1.5.2_b.gif','http://pdd.ua/33/1.5.2/'),
  (10,'1.5.3','Сужение дороги','Предупреждающий знак','/images/roadsigns/1.5.3_b.gif','http://pdd.ua/33/1.5.3/'),
  (11,'1.6','Крутой подъем','Предупреждающий знак','/images/roadsigns/1.6_b.gif','http://pdd.ua/33/1.6/'),
  (12,'1.7','Крутой спуск','Предупреждающий знак','/images/roadsigns/1.7_b.gif','http://pdd.ua/33/1.7/'),
  (13,'1.8','Выезд на набережную или берег','Предупреждающий знак','/images/roadsigns/1.8_b.gif','http://pdd.ua/33/1.8/'),
  (14,'1.9','Туннель','Предупреждающий знак','/images/roadsigns/1.9_b.gif','http://pdd.ua/33/1.9/'),
  (15,'1.10','Неровная дорога','Предупреждающий знак','/images/roadsigns/1.10_b.gif','http://pdd.ua/33/1.10/'),
  (16,'1.11','Бугор','Предупреждающий знак','/images/roadsigns/1.11_b.gif','http://pdd.ua/33/1.11/'),
  (17,'1.12','Выбоина','Предупреждающий знак','/images/roadsigns/1.12_b.gif','http://pdd.ua/33/1.12/'),
  (18,'1.13','Скользкая дорога','Предупреждающий знак','/images/roadsigns/1.13_b.gif','http://pdd.ua/33/1.13/'),
  (19,'1.14','Выброс каменистых материалов','Предупреждающий знак','/images/roadsigns/1.14_b.gif','http://pdd.ua/33/1.14/'),
  (20,'1.15','Опасная обочина','Предупреждающий знак','/images/roadsigns/1.15_b.gif','http://pdd.ua/33/1.15/'),
  (21,'1.16','Падение камней','Предупреждающий знак','/images/roadsigns/1.16_b.gif','http://pdd.ua/33/1.16/'),
  (22,'1.17','Боковой ветер','Предупреждающий знак','/images/roadsigns/1.17_b.gif','http://pdd.ua/33/1.17/'),
  (23,'1.18','Низколетящие самолеты','Предупреждающий знак','/images/roadsigns/1.18_b.gif','http://pdd.ua/33/1.18/'),
  (24,'1.19','Пересечение с круговым движением','Предупреждающий знак','/images/roadsigns/1.19_b.gif','http://pdd.ua/33/1.19/'),
  (25,'1.20','Пересечение с трамвайными путями','Предупреждающий знак','/images/roadsigns/1.20_b.gif','http://pdd.ua/33/1.20/'),
  (26,'1.21','Пересечение равнозначных дорог','Предупреждающий знак','/images/roadsigns/1.21_b.gif','http://pdd.ua/33/1.21/'),
  (27,'1.22','Пересечение с второстепенной дорогой','Предупреждающий знак','/images/roadsigns/1.22_b.gif','http://pdd.ua/33/1.22/'),
  (28,'1.23.1','Примыкание второстепенной дороги','Предупреждающий знак','/images/roadsigns/1.23.1_b.gif','http://pdd.ua/33/1.23.1/'),
  (29,'1.23.2','Примыкание второстепенной дороги','Предупреждающий знак','/images/roadsigns/1.23.2_b.gif','http://pdd.ua/33/1.23.2/'),
  (30,'1.23.3','Примыкание второстепенной дороги','Предупреждающий знак','/images/roadsigns/1.23.3_b.gif','http://pdd.ua/33/1.23.3/'),
  (31,'1.23.4','Примыкание второстепенной дороги','Предупреждающий знак','/images/roadsigns/1.23.4_b.gif','http://pdd.ua/33/1.23.4/'),
  (32,'1.24','Светофорное регулирование','Предупреждающий знак','/images/roadsigns/1.24_b.gif','http://pdd.ua/33/1.24/'),
  (33,'1.25','Разводной мост','Предупреждающий знак','/images/roadsigns/1.25_b.gif','http://pdd.ua/33/1.25/'),
  (34,'1.26','Двустороннее движение','Предупреждающий знак','/images/roadsigns/1.26_b.gif','http://pdd.ua/33/1.26/'),
  (35,'1.27','Железнодорожный переезд со шлагбаумом','Предупреждающий знак','/images/roadsigns/1.27_b.gif','http://pdd.ua/33/1.27/'),
  (36,'1.28','Железнодорожный переезд без шлагбаума','Предупреждающий знак','/images/roadsigns/1.28_b.gif','http://pdd.ua/33/1.28/'),
  (37,'1.29','Однопутная железная дорога','Предупреждающий знак','/images/roadsigns/1.29_b.gif','http://pdd.ua/33/1.29/'),
  (38,'1.30','Многопутная железная дорога','Предупреждающий знак','/images/roadsigns/1.30_b.gif','http://pdd.ua/33/1.30/'),
  (39,'1.31.1','Приближение к железнодорожному переезду','Предупреждающий знак','/images/roadsigns/1.31.1_b.gif','http://pdd.ua/33/1.31.1/'),
  (40,'1.31.2','Приближение к железнодорожному переезду','Предупреждающий знак','/images/roadsigns/1.31.2_b.gif','http://pdd.ua/33/1.31.2/'),
  (41,'1.31.3','Приближение к железнодорожному переезду','Предупреждающий знак','/images/roadsigns/1.31.3_b.gif','http://pdd.ua/33/1.31.3/'),
  (42,'1.31.4','Приближение к железнодорожному переезду','Предупреждающий знак','/images/roadsigns/1.31.4_b.gif','http://pdd.ua/33/1.31.4/'),
  (43,'1.31.5','Приближение к железнодорожному переезду','Предупреждающий знак','/images/roadsigns/1.31.5_b.gif','http://pdd.ua/33/1.31.5/'),
  (44,'1.31.6','Приближение к железнодорожному переезду','Предупреждающий знак','/images/roadsigns/1.31.6_b.gif','http://pdd.ua/33/1.31.6/'),
  (45,'1.32','Пешеходный переход','Предупреждающий знак','/images/roadsigns/1.32_b.gif','http://pdd.ua/33/1.32/'),
  (46,'1.33','Дети','Предупреждающий знак','/images/roadsigns/1.33_b.gif','http://pdd.ua/33/1.33/'),
  (47,'1.34','Выезд велосипедистов','Предупреждающий знак','/images/roadsigns/1.34_b.gif','http://pdd.ua/33/1.34/'),
  (48,'1.35','Перегон скота','Предупреждающий знак','/images/roadsigns/1.35_b.gif','http://pdd.ua/33/1.35/'),
  (49,'1.36','Дикие животные','Предупреждающий знак','/images/roadsigns/1.36_b.gif','http://pdd.ua/33/1.36/'),
  (50,'1.37','Дорожные работы','Предупреждающий знак','/images/roadsigns/1.37_b.gif','http://pdd.ua/33/1.37/'),
  (51,'1.38','Заторы в дорожном движении','Предупреждающий знак','/images/roadsigns/1.38_b.gif','http://pdd.ua/33/1.38/'),
  (52,'1.39','Аварийно опасный участок','Предупреждающий знак','/images/roadsigns/1.39_b.gif','http://pdd.ua/33/1.39/'),
  (53,'1.40','Конец дороги с усовершенствованным покрытием','Предупреждающий знак','/images/roadsigns/1.40_b.gif','http://pdd.ua/33/1.40/'),
  (54,'2.1','Уступить дорогу','Знак приоритета','/images/roadsigns/2.1_b.gif','http://pdd.ua/33/2.1/'),
  (55,'2.2','Проезд без остановки запрещен','Знак приоритета','/images/roadsigns/2.2_b.gif','http://pdd.ua/33/2.2/'),
  (56,'2.3','Главная дорога','Знак приоритета','/images/roadsigns/2.3_b.gif','http://pdd.ua/33/2.3/'),
  (57,'2.4','Конец главной дороги','Знак приоритета','/images/roadsigns/2.4_b.gif','http://pdd.ua/33/2.4/'),
  (58,'2.5','Преимущество встречного движения','Знак приоритета','/images/roadsigns/2.5_b.gif','http://pdd.ua/33/2.5/'),
  (59,'2.6','Преимущество перед встречным движением','Знак приоритета','/images/roadsigns/2.6_b.gif','http://pdd.ua/33/2.6/'),
  (60,'3.1','Движение запрещено','Запрещающий знак','/images/roadsigns/3.1_b.gif','http://pdd.ua/33/3.1/'),
  (61,'3.2','Движение механических транспортных средств запрещено','Запрещающий знак','/images/roadsigns/3.2_b.gif','http://pdd.ua/33/3.2/'),
  (62,'3.3','Движение грузовых автомобилей запрещено','Запрещающий знак','/images/roadsigns/3.3_b.gif','http://pdd.ua/33/3.3/'),
  (63,'3.4','Движение с прицепом запрещено','Запрещающий знак','/images/roadsigns/3.4_b.gif','http://pdd.ua/33/3.4/'),
  (64,'3.5','Движение тракторов запрещено','Запрещающий знак','/images/roadsigns/3.5_b.gif','http://pdd.ua/33/3.5/'),
  (65,'3.6','Движение мотоциклов запрещено','Запрещающий знак','/images/roadsigns/3.6_b.gif','http://pdd.ua/33/3.6/'),
  (66,'3.7','Движение на мопедах запрещено','Запрещающий знак','/images/roadsigns/3.7_b.gif','http://pdd.ua/33/3.7/'),
  (67,'3.8','Движение на велосипедах запрещено','Запрещающий знак','/images/roadsigns/3.8_b.gif','http://pdd.ua/33/3.8/'),
  (68,'3.9','Движение пешеходов запрещено','Запрещающий знак','/images/roadsigns/3.9_b.gif','http://pdd.ua/33/3.9/'),
  (69,'3.10','Движение с ручными тележками запрещено','Запрещающий знак','/images/roadsigns/3.10_b.gif','http://pdd.ua/33/3.10/'),
  (70,'3.11','Движение гужевых телег (саней) запрещено','Запрещающий знак','/images/roadsigns/3.11_b.gif','http://pdd.ua/33/3.11/'),
  (71,'3.12','Движение транспортных средств, перевозящих опасные грузы, запрещено','Запрещающий знак','/images/roadsigns/3.12_b.gif','http://pdd.ua/33/3.12/'),
  (72,'3.13','Движение транспортных средств, перевозящих взрывчатку, запрещено','Запрещающий знак','/images/roadsigns/3.13_b.gif','http://pdd.ua/33/3.13/'),
  (73,'3.14','Движение транспортных средств, перевозящих вещества, которые загрязняют воду, запрещено','Запрещающий знак','/images/roadsigns/3.14_b.gif','http://pdd.ua/33/3.14/'),
  (74,'3.15','Движение транспортных средств, масса которых превышает N т, запрещено','Запрещающий знак','/images/roadsigns/3.15_b.gif','http://pdd.ua/33/3.15/'),
  (75,'3.16','Движение транспортных средств, нагрузка на ось которых превышает N т, запрещено','Запрещающий знак','/images/roadsigns/3.16_b.gif','http://pdd.ua/33/3.16/'),
  (76,'3.17','Движение транспортных средств, ширина которых превышает N м, запрещено','Запрещающий знак','/images/roadsigns/3.17_b.gif','http://pdd.ua/33/3.17/'),
  (77,'3.18','Движение транспортных средств, высота которых превышает N м, запрещен','Запрещающий знак','/images/roadsigns/3.18_b.gif','http://pdd.ua/33/3.18/'),
  (78,'3.19','Движение транспортных средств, длина которых превышает N м, запрещено','Запрещающий знак','/images/roadsigns/3.19_b.gif','http://pdd.ua/33/3.19/'),
  (79,'3.20','Движение транспортных средств без соблюдения дистанции N м запрещено','Запрещающий знак','/images/roadsigns/3.20_b.gif','http://pdd.ua/33/3.20/'),
  (80,'3.21','Въезд запрещен','Запрещающий знак','/images/roadsigns/3.21_b.gif','http://pdd.ua/33/3.21/'),
  (81,'3.22','Поворот в правую сторону запрещен','Запрещающий знак','/images/roadsigns/3.22_b.gif','http://pdd.ua/33/3.22/'),
  (82,'3.23','Поворот в левую сторону запрещен','Запрещающий знак','/images/roadsigns/3.23_b.gif','http://pdd.ua/33/3.23/'),
  (83,'3.24','Разворот запрещен','Запрещающий знак','/images/roadsigns/3.24_b.gif','http://pdd.ua/33/3.24/'),
  (84,'3.25','Обгон запрещен','Запрещающий знак','/images/roadsigns/3.25_b.gif','http://pdd.ua/33/3.25/'),
  (85,'3.26','Конец запрещения обгона','Запрещающий знак','/images/roadsigns/3.26_b.gif','http://pdd.ua/33/3.26/'),
  (86,'3.27','Обгон грузовым автомобилям запрещен','Запрещающий знак','/images/roadsigns/3.27_b.gif','http://pdd.ua/33/3.27/'),
  (87,'3.28','Конец запрещения обгона грузовым автомобилям','Запрещающий знак','/images/roadsigns/3.28_b.gif','http://pdd.ua/33/3.28/'),
  (88,'3.29','Ограничение максимальной скорости','Запрещающий знак','/images/roadsigns/3.29_b.gif','http://pdd.ua/33/3.29/'),
  (89,'3.30','Конец ограничения максимальной скорости','Запрещающий знак','/images/roadsigns/3.30_b.gif','http://pdd.ua/33/3.30/'),
  (90,'3.31','Зона ограничения максимальной скорости','Запрещающий знак','/images/roadsigns/3.31_b.gif','http://pdd.ua/33/3.31/'),
  (91,'3.32','Конец зоны ограничения максимальной скорости','Запрещающий знак','/images/roadsigns/3.32_b.gif','http://pdd.ua/33/3.32/'),
  (92,'3.33','Подачу звукового сигнала запрещено','Запрещающий знак','/images/roadsigns/3.33_b.gif','http://pdd.ua/33/3.33/'),
  (93,'3.34','Остановка запрещена','Запрещающий знак','/images/roadsigns/3.34_b.gif','http://pdd.ua/33/3.34/'),
  (94,'3.35','Стоянка запрещена','Запрещающий знак','/images/roadsigns/3.35_b.gif','http://pdd.ua/33/3.35/'),
  (95,'3.36','Стоянка запрещена по нечетным числам месяца','Запрещающий знак','/images/roadsigns/3.36_b.gif','http://pdd.ua/33/3.36/'),
  (96,'3.37','Стоянка запрещена по четным числам месяца','Запрещающий знак','/images/roadsigns/3.37_b.gif','http://pdd.ua/33/3.37/'),
  (97,'3.38','Зона ограниченной стоянки','Запрещающий знак','/images/roadsigns/3.38_b.gif','http://pdd.ua/33/3.38/'),
  (98,'3.39','Конец зоны ограниченной стоянки','Запрещающий знак','/images/roadsigns/3.39_b.gif','http://pdd.ua/33/3.39/'),
  (99,'3.40','Таможня','Запрещающий знак','/images/roadsigns/3.40_b.gif','http://pdd.ua/33/3.40/'),
  (100,'3.41','Контроль','Запрещающий знак','/images/roadsigns/3.41_b.gif','http://pdd.ua/33/3.41/'),
  (101,'3.42','Конец всех запретов и ограничений','Запрещающий знак','/images/roadsigns/3.42_b.gif','http://pdd.ua/33/3.42/'),
  (102,'3.43','Опасность','Запрещающий знак','/images/roadsigns/3.43_b.gif','http://pdd.ua/33/3.43/'),
  (103,'4.1','Движение прямо','Предписывающий знак','/images/roadsigns/4.1_b.gif','http://pdd.ua/33/4.1/'),
  (104,'4.2','Движение направо','Предписывающий знак','/images/roadsigns/4.2_b.gif','http://pdd.ua/33/4.2/'),
  (105,'4.3','Движение налево','Предписывающий знак','/images/roadsigns/4.3_b.gif','http://pdd.ua/33/4.3/'),
  (106,'4.4','Движение прямо или направо','Предписывающий знак','/images/roadsigns/4.4_b.gif','http://pdd.ua/33/4.4/'),
  (107,'4.5','Движение прямо или налево','Предписывающий знак','/images/roadsigns/4.5_b.gif','http://pdd.ua/33/4.5/'),
  (108,'4.6','Движение направо или налево','Предписывающий знак','/images/roadsigns/4.6_b.gif','http://pdd.ua/33/4.6/'),
  (109,'4.7','Объезд препятствия с правой стороны','Предписывающий знак','/images/roadsigns/4.7_b.gif','http://pdd.ua/33/4.7/'),
  (110,'4.8','Объезд препятствия с левой стороны','Предписывающий знак','/images/roadsigns/4.8_b.gif','http://pdd.ua/33/4.8/'),
  (111,'4.9','Объезд препятствия с правой или левой стороны','Предписывающий знак','/images/roadsigns/4.9_b.gif','http://pdd.ua/33/4.9/'),
  (112,'4.10','Круговое движение','Предписывающий знак','/images/roadsigns/4.10_b.gif','http://pdd.ua/33/4.10/'),
  (113,'4.11','Движение легковых автомобилей','Предписывающий знак','/images/roadsigns/4.11_b.gif','http://pdd.ua/33/4.11/'),
  (114,'4.12','Дорожка для велосипедистов','Предписывающий знак','/images/roadsigns/4.12_b.gif','http://pdd.ua/33/4.12/'),
  (115,'4.13','Дорожка для пешеходов','Предписывающий знак','/images/roadsigns/4.13_b.gif','http://pdd.ua/33/4.13/'),
  (116,'4.14','Дорожка для пешеходов и велосипедистов','Предписывающий знак','/images/roadsigns/4.14_b.gif','http://pdd.ua/33/4.14/'),
  (117,'4.15','Дорожка для всадников','Предписывающий знак','/images/roadsigns/4.15_b.gif','http://pdd.ua/33/4.15/'),
  (118,'4.16','Ограничение минимальной скорости','Предписывающий знак','/images/roadsigns/4.16_b.gif','http://pdd.ua/33/4.16/'),
  (119,'4.17','Конец ограничения минимальной скорости','Предписывающий знак','/images/roadsigns/4.17_b.gif','http://pdd.ua/33/4.17/'),
  (120,'4.18.1','Направление движения транспортных средств с опасными грузами','Предписывающий знак','/images/roadsigns/4.18.1_b.gif','http://pdd.ua/33/4.18.1/'),
  (121,'4.18.2','Направление движения транспортных средств с опасными грузами','Предписывающий знак','/images/roadsigns/4.18.2_b.gif','http://pdd.ua/33/4.18.2/'),
  (122,'4.18.3','Направление движения транспортных средств с опасными грузами','Предписывающий знак','/images/roadsigns/4.18.3_b.gif','http://pdd.ua/33/4.18.3/'),
  (123,'5.1','Автомагистраль','Информационно-указательный знак','/images/roadsigns/5.1_b.gif','http://pdd.ua/33/5.1/'),
  (124,'5.2','Конец автомагистрали','Информационно-указательный знак','/images/roadsigns/5.2_b.gif','http://pdd.ua/33/5.2/'),
  (125,'5.3','Дорога для автомобилей','Информационно-указательный знак','/images/roadsigns/5.3_b.gif','http://pdd.ua/33/5.3/'),
  (126,'5.4','Конец дороги для автомобилей','Информационно-указательный знак','/images/roadsigns/5.4_b.gif','http://pdd.ua/33/5.4/'),
  (127,'5.5','Дорога с односторонним движением','Информационно-указательный знак','/images/roadsigns/5.5_b.gif','http://pdd.ua/33/5.5/'),
  (128,'5.6','Конец дороги с односторонним движением','Информационно-указательный знак','/images/roadsigns/5.6_b.gif','http://pdd.ua/33/5.6/'),
  (129,'5.7.1','Выезд на дорогу с односторонним движением','Информационно-указательный знак','/images/roadsigns/5.7.1_b.gif','http://pdd.ua/33/5.7.1/'),
  (130,'5.7.2','Выезд на дорогу с односторонним движением','Информационно-указательный знак','/images/roadsigns/5.7.2_b.gif','http://pdd.ua/33/5.7.2/'),
  (131,'5.8','Дорога с полосой для движения маршрутных транспортных средств','Информационно-указательный знак','/images/roadsigns/5.8_b.gif','http://pdd.ua/33/5.8/'),
  (132,'5.9','Конец дороги с полосой для движения маршрутных транспортных средств','Информационно-указательный знак','/images/roadsigns/5.9_b.gif','http://pdd.ua/33/5.9/'),
  (133,'5.10.1','Выезд на дорогу с полосой для движения маршрутных транспортных средств','Информационно-указательный знак','/images/roadsigns/5.10.1_b.gif','http://pdd.ua/33/5.10.1/'),
  (134,'5.10.2','Выезд на дорогу с полосой для движения маршрутных транспортных средств','Информационно-указательный знак','/images/roadsigns/5.10.2_b.gif','http://pdd.ua/33/5.10.2/'),
  (135,'5.11','Полоса для движения маршрутных транспортных средств','Информационно-указательный знак','/images/roadsigns/5.11_b.gif','http://pdd.ua/33/5.11/'),
  (136,'5.12','Конец полосы для движения маршрутных транспортных средств','Информационно-указательный знак','/images/roadsigns/5.12_b.gif','http://pdd.ua/33/5.12/'),
  (137,'5.13','Дорога с реверсивным движением','Информационно-указательный знак','/images/roadsigns/5.13_b.gif','http://pdd.ua/33/5.13/'),
  (138,'5.14','Конец дороги с реверсивным движением','Информационно-указательный знак','/images/roadsigns/5.14_b.gif','http://pdd.ua/33/5.14/'),
  (139,'5.15','Выезд на дорогу с реверсивным движением','Информационно-указательный знак','/images/roadsigns/5.15_b.gif','http://pdd.ua/33/5.15/'),
  (140,'5.16','Направления движения по полосам','Информационно-указательный знак','/images/roadsigns/5.16_b.gif','http://pdd.ua/33/5.16/'),
  (141,'5.17.1','Направление движения по полосам','Информационно-указательный знак','/images/roadsigns/5.17.1_b.gif','http://pdd.ua/33/5.17.1/'),
  (142,'5.17.2','Направление движения по полосам','Информационно-указательный знак','/images/roadsigns/5.17.2_b.gif','http://pdd.ua/33/5.17.2/'),
  (143,'5.18','Направление движения по полосе','Информационно-указательный знак','/images/roadsigns/5.18_b.gif','http://pdd.ua/33/5.18/'),
  (144,'5.19','Использование полосы движения','Информационно-указательный знак','/images/roadsigns/5.19_b.gif','http://pdd.ua/33/5.19/'),
  (145,'5.20.1','Начало дополнительной полосы движения','Информационно-указательный знак','/images/roadsigns/5.20.1_b.gif','http://pdd.ua/33/5.20.1/'),
  (146,'5.20.2','Начало дополнительной полосы движения','Информационно-указательный знак','/images/roadsigns/5.20.2_b.gif','http://pdd.ua/33/5.20.2/'),
  (147,'5.20.3','Начало дополнительной полосы движения','Информационно-указательный знак','/images/roadsigns/5.20.3_b.gif','http://pdd.ua/33/5.20.3/'),
  (148,'5.21.1','Конец дополнительной полосы движения','Информационно-указательный знак','/images/roadsigns/5.21.1_b.gif','http://pdd.ua/33/5.21.1/'),
  (149,'5.21.2','Конец дополнительной полосы движения','Информационно-указательный знак','/images/roadsigns/5.21.2_b.gif','http://pdd.ua/33/5.21.2/'),
  (150,'5.22','Прилегание полосы для разгона транспортных средств','Информационно-указательный знак','/images/roadsigns/5.22_b.gif','http://pdd.ua/33/5.22/'),
  (151,'5.23','Прилегание дополнительной полосы движения с правой стороны','Информационно-указательный знак','/images/roadsigns/5.23_b.gif','http://pdd.ua/33/5.23/'),
  (152,'5.24.1','Изменение направления движения на дороге с разделительной полосой','Информационно-указательный знак','/images/roadsigns/5.24.1_b.gif','http://pdd.ua/33/5.24.1/'),
  (153,'5.24.2','Изменение направления движения на дороге с разделительной полосой','Информационно-указательный знак','/images/roadsigns/5.24.2_b.gif','http://pdd.ua/33/5.24.2/'),
  (154,'5.25','Полоса движения для аварийной остановки','Информационно-указательный знак','/images/roadsigns/5.25_b.gif','http://pdd.ua/33/5.25/'),
  (155,'5.26','Место для разворота','Информационно-указательный знак','/images/roadsigns/5.26_b.gif','http://pdd.ua/33/5.26/'),
  (156,'5.27','Зона для разворота','Информационно-указательный знак','/images/roadsigns/5.27_b.gif','http://pdd.ua/33/5.27/'),
  (157,'5.28.1','Направление движения для грузовых автомобилей','Информационно-указательный знак','/images/roadsigns/5.28.1_b.gif','http://pdd.ua/33/5.28.1/'),
  (158,'5.28.2','Направление движения для грузовых автомобилей','Информационно-указательный знак','/images/roadsigns/5.28.2_b.gif','http://pdd.ua/33/5.28.2/'),
  (159,'5.28.3','Направление движения для грузовых автомобилей','Информационно-указательный знак','/images/roadsigns/5.28.3_b.gif','http://pdd.ua/33/5.28.3/'),
  (160,'5.29.1','Тупик','Информационно-указательный знак','/images/roadsigns/5.29.1_b.gif','http://pdd.ua/33/5.29.1/'),
  (161,'5.29.2','Тупик','Информационно-указательный знак','/images/roadsigns/5.29.2_b.gif','http://pdd.ua/33/5.29.2/'),
  (162,'5.29.3','Тупик','Информационно-указательный знак','/images/roadsigns/5.29.3_b.gif','http://pdd.ua/33/5.29.3/'),
  (163,'5.30','Рекомендованная скорость','Информационно-указательный знак','/images/roadsigns/5.30_b.gif','http://pdd.ua/33/5.30/'),
  (164,'5.31','Жилая зона','Информационно-указательный знак','/images/roadsigns/5.31_b.gif','http://pdd.ua/33/5.31/'),
  (165,'5.32','Конец жилой зоны','Информационно-указательный знак','/images/roadsigns/5.32_b.gif','http://pdd.ua/33/5.32/'),
  (166,'5.33','Пешеходная зона','Информационно-указательный знак','/images/roadsigns/5.33_b.gif','http://pdd.ua/33/5.33/'),
  (167,'5.34','Конец пешеходной зоны','Информационно-указательный знак','/images/roadsigns/5.34_b.gif','http://pdd.ua/33/5.34/'),
  (168,'5.35.1','Пешеходный переход','Информационно-указательный знак','/images/roadsigns/5.35.1_b.gif','http://pdd.ua/33/5.35.1/'),
  (169,'5.35.2','Пешеходный переход','Информационно-указательный знак','/images/roadsigns/5.35.2_b.gif','http://pdd.ua/33/5.35.2/'),
  (170,'5.36.1','Подземный пешеходный переход','Информационно-указательный знак','/images/roadsigns/5.36.1_b.gif','http://pdd.ua/33/5.36.1/'),
  (171,'5.36.2','Подземный пешеходный переход','Информационно-указательный знак','/images/roadsigns/5.36.2_b.gif','http://pdd.ua/33/5.36.2/'),
  (172,'5.37.1','Надземный пешеходный переход','Информационно-указательный знак','/images/roadsigns/5.37.1_b.gif','http://pdd.ua/33/5.37.1/'),
  (173,'5.37.2','Надземный пешеходный переход','Информационно-указательный знак','/images/roadsigns/5.37.2_b.gif','http://pdd.ua/33/5.37.2/'),
  (174,'5.38','Место для стоянки','Информационно-указательный знак','/images/roadsigns/5.38_b.gif','http://pdd.ua/33/5.38/'),
  (175,'5.39','Зона стоянки','Информационно-указательный знак','/images/roadsigns/5.39_b.gif','http://pdd.ua/33/5.39/'),
  (176,'5.40','Конец зоны стоянки','Информационно-указательный знак','/images/roadsigns/5.40_b.gif','http://pdd.ua/33/5.40/'),
  (177,'5.41.1','Пункт остановки автобуса','Информационно-указательный знак','/images/roadsigns/5.41_b.gif','http://pdd.ua/33/5.41.1/'),
  (178,'5.42.1','Пункт остановки трамвая','Информационно-указательный знак','/images/roadsigns/5.42_b.gif','http://pdd.ua/33/5.42.1/'),
  (179,'5.43.1','Пункт остановки троллейбуса','Информационно-указательный знак','/images/roadsigns/5.43_b.gif','http://pdd.ua/33/5.43.1/'),
  (180,'5.44','Место остановки такси','Информационно-указательный знак','/images/roadsigns/5.44_b.gif','http://pdd.ua/33/5.44/'),
  (181,'5.45','Начало населенного пункта','Информационно-указательный знак','/images/roadsigns/5.45_b.gif','http://pdd.ua/33/5.45/'),
  (182,'5.46','Конец населенного пункта','Информационно-указательный знак','/images/roadsigns/5.46_b.gif','http://pdd.ua/33/5.46/'),
  (183,'5.47','Начало населенного пункта','Информационно-указательный знак','/images/roadsigns/5.47_b.gif','http://pdd.ua/33/5.47/'),
  (184,'5.48','Конец населенного пункта','Информационно-указательный знак','/images/roadsigns/5.48_b.gif','http://pdd.ua/33/5.48/'),
  (185,'5.49','Указатель общих ограничений скорости','Информационно-указательный знак','/images/roadsigns/5.49_b.gif','http://pdd.ua/33/5.49/'),
  (186,'5.50','Возможность использования дороги','Информационно-указательный знак','/images/roadsigns/5.50_b.gif','http://pdd.ua/33/5.50/'),
  (187,'5.51','Предварительный указатель направлений','Информационно-указательный знак','/images/roadsigns/5.51.2_b.gif','http://pdd.ua/33/5.51/'),
  (188,'5.52','Предварительный указатель направления','Информационно-указательный знак','/images/roadsigns/5.52.2_b.gif','http://pdd.ua/33/5.52/'),
  (189,'5.53','Указатель направления','Информационно-указательный знак','/images/roadsigns/5.53.1_b.gif','http://pdd.ua/33/5.53/'),
  (190,'5.54','Указатель направлений','Информационно-указательный знак','/images/roadsigns/5.54_b.gif','http://pdd.ua/33/5.54/'),
  (191,'5.55','Схема движения','Информационно-указательный знак','/images/roadsigns/5.55_b.gif','http://pdd.ua/33/5.55/'),
  (192,'5.56','Схема объезда','Информационно-указательный знак','/images/roadsigns/5.56_b.gif','http://pdd.ua/33/5.56/'),
  (193,'5.57.1','Направление объезда','Информационно-указательный знак','/images/roadsigns/5.57.1_b.gif','http://pdd.ua/33/5.57.1/'),
  (194,'5.57.2','Направление объезда','Информационно-указательный знак','/images/roadsigns/5.57.2_b.gif','http://pdd.ua/33/5.57.2/'),
  (195,'5.57.3','Направление объезда','Информационно-указательный знак','/images/roadsigns/5.57.3_b.gif','http://pdd.ua/33/5.57.3/'),
  (196,'5.58.1','Название объекта','Информационно-указательный знак','/images/roadsigns/5.58.1_b.gif','http://pdd.ua/33/5.58.1/'),
  (197,'5.58.2','Название объекта','Информационно-указательный знак','/images/roadsigns/5.58.2_b.gif','http://pdd.ua/33/5.58.2/'),
  (198,'5.59','Указатель расстояний','Информационно-указательный знак','/images/roadsigns/5.59_b.gif','http://pdd.ua/33/5.59/'),
  (199,'5.60','Километровый знак','Информационно-указательный знак','/images/roadsigns/5.60_b.gif','http://pdd.ua/33/5.60/'),
  (200,'5.61.1','Номер дороги, маршрута','Информационно-указательный знак','/images/roadsigns/5.61.1_b.gif','http://pdd.ua/33/5.61.1/'),
  (201,'5.61.2','Номер дороги, маршрута','Информационно-указательный знак','/images/roadsigns/5.61.2_b.gif','http://pdd.ua/33/5.61.2/'),
  (202,'5.61.3','Номер дороги, маршрута','Информационно-указательный знак','/images/roadsigns/5.61.3_b.gif','http://pdd.ua/33/5.61.3/'),
  (203,'5.62','Место остановки','Информационно-указательный знак','/images/roadsigns/5.62_b.gif','http://pdd.ua/33/5.62/'),
  (204,'6.1','Пункт первой медицинской помощи','Знак сервиса','/images/roadsigns/6.1_b.gif','http://pdd.ua/33/6.1/'),
  (205,'6.2','Больница','Знак сервиса','/images/roadsigns/6.2_b.gif','http://pdd.ua/33/6.2/'),
  (206,'6.3','Телефон для вызова аварийной службы','Знак сервиса','/images/roadsigns/6.3_b.gif','http://pdd.ua/33/6.3/'),
  (207,'6.4','Огнетушитель','Знак сервиса','/images/roadsigns/6.4_b.gif','http://pdd.ua/33/6.4/'),
  (208,'6.5','Пункт технического обслуживания','Знак сервиса','/images/roadsigns/6.5_b.gif','http://pdd.ua/33/6.5/'),
  (209,'6.6','Пункт мойки автомобилей','Знак сервиса','/images/roadsigns/6.6_b.gif','http://pdd.ua/33/6.6/'),
  (210,'6.7.1','Автозаправочная станция','Знак сервиса','/images/roadsigns/6.7.1_b.gif','http://pdd.ua/33/6.7.1/'),
  (211,'6.7.2','Автозаправочная станция','Знак сервиса','/images/roadsigns/6.7.2_b.gif','http://pdd.ua/33/6.7.2/'),
  (212,'6.7.3','Автозаправочная станция','Знак сервиса','/images/roadsigns/6.7.3_b.gif','http://pdd.ua/33/6.7.3/'),
  (213,'6.8','Телефон','Знак сервиса','/images/roadsigns/6.8_b.gif','http://pdd.ua/33/6.8/'),
  (214,'6.9','Пункт справочной службы','Знак сервиса','/images/roadsigns/6.9_b.gif','http://pdd.ua/33/6.9/'),
  (215,'6.10','Пост ГАИ','Знак сервиса','/images/roadsigns/6.10_b.gif','http://pdd.ua/33/6.10/'),
  (216,'6.11','Туалет','Знак сервиса','/images/roadsigns/6.11_b.gif','http://pdd.ua/33/6.11/'),
  (217,'6.12','Питьевая вода','Знак сервиса','/images/roadsigns/6.12_b.gif','http://pdd.ua/33/6.12/'),
  (218,'6.13','Ресторан или столовая','Знак сервиса','/images/roadsigns/6.13_b.gif','http://pdd.ua/33/6.13/'),
  (219,'6.14','Кафе','Знак сервиса','/images/roadsigns/6.14_b.gif','http://pdd.ua/33/6.14/'),
  (220,'6.15','Место отдыха','Знак сервиса','/images/roadsigns/6.15_b.gif','http://pdd.ua/33/6.15/'),
  (221,'6.16','Отель или мотель','Знак сервиса','/images/roadsigns/6.16_b.gif','http://pdd.ua/33/6.16/'),
  (222,'6.17','Туристическая база','Знак сервиса','/images/roadsigns/6.17_b.gif','http://pdd.ua/33/6.17/'),
  (223,'6.18','Кемпинг','Знак сервиса','/images/roadsigns/6.18_b.gif','http://pdd.ua/33/6.18/'),
  (224,'6.19','Место стоянки прицепов у кемпинга','Знак сервиса','/images/roadsigns/6.19_b.gif','http://pdd.ua/33/6.19/'),
  (225,'6.20','Участок для лагеря автотуристов и место стоянки прицепов у кемпинга','Знак сервиса','/images/roadsigns/6.20_b.gif','http://pdd.ua/33/6.20/'),
  (226,'6.21','Дома отдыха','Знак сервиса','/images/roadsigns/6.21_b.gif','http://pdd.ua/33/6.21/'),
  (227,'6.22','Начало пешеходного маршрута','Знак сервиса','/images/roadsigns/6.22_b.gif','http://pdd.ua/33/6.22/'),
  (228,'6.23','Пляж или бассейн','Знак сервиса','/images/roadsigns/6.23_b.gif','http://pdd.ua/33/6.23/'),
  (229,'6.24','Выдающиеся места','Знак сервиса','/images/roadsigns/6.24_b.gif','http://pdd.ua/33/6.24/'),
  (230,'7.1.1','Расстояние до объекта','Табличка к дорожному знаку','/images/roadsigns/7.1.1_b.gif','http://pdd.ua/33/7.1.1/'),
  (231,'7.1.2','Дистанция до объекта','Табличка к дорожному знаку','/images/roadsigns/7.1.2_b.gif','http://pdd.ua/33/7.1.2/'),
  (232,'7.1.3','Дистанция до объекта','Табличка к дорожному знаку','/images/roadsigns/7.1.3_b.gif','http://pdd.ua/33/7.1.3/'),
  (233,'7.1.4','Дистанция до объекта','Табличка к дорожному знаку','/images/roadsigns/7.1.4_b.gif','http://pdd.ua/33/7.1.4/'),
  (234,'7.2.1','Зона действия','Табличка к дорожному знаку','/images/roadsigns/7.2.1_b.gif','http://pdd.ua/33/7.2.1/'),
  (235,'7.2.2','Зона действия','Табличка к дорожному знаку','/images/roadsigns/7.2.2_b.gif','http://pdd.ua/33/7.2.2/'),
  (236,'7.2.3','Зона действия','Табличка к дорожному знаку','/images/roadsigns/7.2.3_b.gif','http://pdd.ua/33/7.2.3/'),
  (237,'7.2.4','Зона действия','Табличка к дорожному знаку','/images/roadsigns/7.2.4_b.gif','http://pdd.ua/33/7.2.4/'),
  (238,'7.2.5','Зона действия','Табличка к дорожному знаку','/images/roadsigns/7.2.5_b.gif','http://pdd.ua/33/7.2.5/'),
  (239,'7.2.6','Зона действия','Табличка к дорожному знаку','/images/roadsigns/7.2.6_b.gif','http://pdd.ua/33/7.2.6/'),
  (240,'7.3.1','Направление действия','Табличка к дорожному знаку','/images/roadsigns/7.3.1_b.gif','http://pdd.ua/33/7.3.1/'),
  (241,'7.3.2','Направление действия','Табличка к дорожному знаку','/images/roadsigns/7.3.2_b.gif','http://pdd.ua/33/7.3.2/'),
  (242,'7.3.3','Направление действия','Табличка к дорожному знаку','/images/roadsigns/7.3.3_b.gif','http://pdd.ua/33/7.3.3/'),
  (243,'7.4.1','Время действия','Табличка к дорожному знаку','/images/roadsigns/7.4.1_b.gif','http://pdd.ua/33/7.4.1/'),
  (244,'7.4.2','Время действия','Табличка к дорожному знаку','/images/roadsigns/7.4.2_b.gif','http://pdd.ua/33/7.4.2/'),
  (245,'7.4.3','Время действия','Табличка к дорожному знаку','/images/roadsigns/7.4.3_b.gif','http://pdd.ua/33/7.4.3/'),
  (246,'7.4.4','Время действия','Табличка к дорожному знаку','/images/roadsigns/7.4.4_b.gif','http://pdd.ua/33/7.4.4/'),
  (247,'7.4.5','Время действия','Табличка к дорожному знаку','/images/roadsigns/7.4.5_b.gif','http://pdd.ua/33/7.4.5/'),
  (248,'7.4.6','Время действия','Табличка к дорожному знаку','/images/roadsigns/7.4.6_b.gif','http://pdd.ua/33/7.4.6/'),
  (249,'7.4.7','Время действия','Табличка к дорожному знаку','/images/roadsigns/7.4.7_b.gif','http://pdd.ua/33/7.4.7/'),
  (250,'7.5.1','Вид транспортного средства','Табличка к дорожному знаку','/images/roadsigns/7.5.1_b.gif','http://pdd.ua/33/7.5.1/'),
  (251,'7.5.2','Вид транспортного средства','Табличка к дорожному знаку','/images/roadsigns/7.5.2_b.gif','http://pdd.ua/33/7.5.2/'),
  (252,'7.5.3','Вид транспортного средства','Табличка к дорожному знаку','/images/roadsigns/7.5.3_b.gif','http://pdd.ua/33/7.5.3/'),
  (253,'7.5.4','Вид транспортного средства','Табличка к дорожному знаку','/images/roadsigns/7.5.4_b.gif','http://pdd.ua/33/7.5.4/'),
  (254,'7.5.5','Вид транспортного средства','Табличка к дорожному знаку','/images/roadsigns/7.5.5_b.gif','http://pdd.ua/33/7.5.5/'),
  (255,'7.5.6','Вид транспортного средства','Табличка к дорожному знаку','/images/roadsigns/7.5.6_b.gif','http://pdd.ua/33/7.5.6/'),
  (256,'7.5.7','Вид транспортного средства: велосипед','Табличка к дорожному знаку','/images/roadsigns/7.5.7_b.gif','http://pdd.ua/33/7.5.7/'),
  (257,'7.5.8','Вид транспортного средства','Табличка к дорожному знаку','/images/roadsigns/7.5.8_b.gif','http://pdd.ua/33/7.5.8/'),
  (258,'7.6.1','Способ постановки транспортного средства на стоянку','Табличка к дорожному знаку','/images/roadsigns/7.6.1_b.gif','http://pdd.ua/33/7.6.1/'),
  (259,'7.6.2','Способ постановки транспортного средства на стоянку','Табличка к дорожному знаку','/images/roadsigns/7.6.2_b.gif','http://pdd.ua/33/7.6.2/'),
  (260,'7.6.3','Способ постановки транспортного средства на стоянку','Табличка к дорожному знаку','/images/roadsigns/7.6.3_b.gif','http://pdd.ua/33/7.6.3/'),
  (261,'7.6.4','Способ постановки транспортного средства на стоянку','Табличка к дорожному знаку','/images/roadsigns/7.6.4_b.gif','http://pdd.ua/33/7.6.4/'),
  (262,'7.6.5','Способ постановки транспортного средства на стоянку','Табличка к дорожному знаку','/images/roadsigns/7.6.5_b.gif','http://pdd.ua/33/7.6.5/'),
  (263,'7.7','Стоянка с неработающим двигателем','Табличка к дорожному знаку','/images/roadsigns/7.7_b.gif','http://pdd.ua/33/7.7/'),
  (264,'7.8','Направление главной дороги','Табличка к дорожному знаку','/images/roadsigns/7.8_b.gif','http://pdd.ua/33/7.8/'),
  (265,'7.9','Полоса движения','Табличка к дорожному знаку','/images/roadsigns/7.9_b.gif','http://pdd.ua/33/7.9/'),
  (266,'7.10','Количество поворотов','Табличка к дорожному знаку','/images/roadsigns/7.10_b.gif','http://pdd.ua/33/7.10/'),
  (267,'7.11','Паромная переправа','Табличка к дорожному знаку','/images/roadsigns/7.11_b.gif','http://pdd.ua/33/7.11/'),
  (268,'7.12','Гололедица','Табличка к дорожному знаку','/images/roadsigns/7.12_b.gif','http://pdd.ua/33/7.12/'),
  (269,'7.13','Влажное покрытие','Табличка к дорожному знаку','/images/roadsigns/7.13_b.gif','http://pdd.ua/33/7.13/'),
  (270,'7.14','Платные услуги','Табличка к дорожному знаку','/images/roadsigns/7.14_b.gif','http://pdd.ua/33/7.14/'),
  (271,'7.15','Место для осмотра автомобилей','Табличка к дорожному знаку','/images/roadsigns/7.15_b.gif','http://pdd.ua/33/7.15/'),
  (272,'7.16','Слепые пешеходы','Табличка к дорожному знаку','/images/roadsigns/7.16_b.gif','http://pdd.ua/33/7.16/'),
  (273,'7.17','Инвалиды','Табличка к дорожному знаку','/images/roadsigns/7.17_b.gif','http://pdd.ua/33/7.17/'),
  (274,'7.18','Кроме инвалидов','Табличка к дорожному знаку','/images/roadsigns/7.18_b.gif','http://pdd.ua/33/7.18/'),
  (275,'7.19','Ограничение продолжительности стоянки','Табличка к дорожному знаку','/images/roadsigns/7.19_b.gif','http://pdd.ua/33/7.19/'),
  (276,'7.20','Действует от ...','Табличка к дорожному знаку','/images/roadsigns/7.20_b.gif','http://pdd.ua/33/7.20/'),
  (277,'7.21.1','Вид опасности','Табличка к дорожному знаку','/images/roadsigns/7.21.1_b.gif','http://pdd.ua/33/7.21.1/'),
  (278,'7.21.2','Вид опасности','Табличка к дорожному знаку','/images/roadsigns/7.21.2_b.gif','http://pdd.ua/33/7.21.2/'),
  (279,'7.21.3','Вид опасности','Табличка к дорожному знаку','/images/roadsigns/7.21.3_b.gif','http://pdd.ua/33/7.21.3/'),
  (280,'7.21.4','Вид опасности','Табличка к дорожному знаку','/images/roadsigns/7.21.4_b.gif','http://pdd.ua/33/7.21.4/');

ALTER SEQUENCE hibernate_sequence RESTART WITH 750;