DELETE FROM students;
DELETE FROM cars;
DELETE FROM groups;
DELETE FROM teachers;
DELETE FROM registrations;
DELETE FROM results;
DELETE FROM answers;
DELETE FROM questions;
DELETE FROM themes;
DELETE FROM exams;

INSERT INTO teachers (id, birthday, email, firstname, gender, inn, lastname, passport, patronymic, tel, photourl) VALUES
  (1, '1961-10-19', 'petrov@gmail.com', 'Nikolay', 'MALE', 34590823, 'Petrov', 'FD459865', 'Igorevich', '097-345-77-32','http://cs621222.vk.me/v621222392/16814/y4UYdX3Jn84.jpg'),
  (2, '1975-12-15', 'orlov@gmail.com', 'Oleg', 'MALE', 58702314, 'Orlov', 'AC332554', 'Sergeevich', '067-546-56-66','http://cs623717.vk.me/v623717392/2f6a5/buznf0zGKXE.jpg'),
  (3, '1967-05-21', 'kirylova@gmail.com', 'Alina', 'FEMALE', 98737164, 'Kirylova', 'HH906755', 'Vladimirovna','066-239-00-56', 'http://cs623717.vk.me/v623717392/2f6e4/STlMTziVM8s.jpg'),
  (4, '1980-01-04', 'denisov@gmail.com', 'Sergey', 'MALE', 94036472, 'Denisov', 'TR435644', 'Nikolaevich','097-560-98-55', 'http://cs623717.vk.me/v623717392/2f6ae/fYc1SRN6ruE.jpg'),
  (5, '1974-11-17', 'komarova@gmail.com', 'Inna', 'FEMALE', 94522099, 'Komarova', 'AC889078', 'Aleksandrovna','067-465-09-11', 'http://cs623717.vk.me/v623717392/2f6b7/ql8EucirrLk.jpg'),
  (6, '1969-09-24', 'shvarts@gmail.com', 'Dmitry', 'MALE', 44836109, 'Shvarts', 'GF435564', 'Gavrilovich','050-430-98-65', 'http://cs623717.vk.me/v623717392/2f6c9/WomHgmpSylc.jpg'),
  (7, '1977-09-16', 'dorognaya@gmail.com', 'Victoria', 'FEMALE', 94776333, 'Dorogaya', 'GT547786', 'Vladislavovna','050-566-78-43', 'http://cs623717.vk.me/v623717392/2f6db/pUNWLYY1HtM.jpg'),
  (8, '1980-10-16', 'boyko@gmail.com', 'Konstantin', 'MALE', 76819900, 'Boyko', 'DD098897', 'Valerievich','063-540-99-12', 'http://cs623717.vk.me/v623717392/2f693/SvEhrRadwv8.jpg'),
  (9, '1990-10-11', 'fridman@gmail.com', 'Anna', 'FEMALE', 22091655, 'Fridman', 'FD375946', 'Alekseevna','066-466-78-33', 'http://cs623717.vk.me/v623717392/2f69c/N_NzYco46hE.jpg'),
  (10, '1988-01-09', 'voropaev@gmail.com', 'Georgy', 'MALE', 34887253, 'Voropaev', 'SD475869', 'Sergeevich','097-569-76-67', 'http://cs623717.vk.me/v623717392/2f6ed/8pwTalSgq9Q.jpg');

UPDATE teachers SET description = 'Experience since 2001 experience since 2001 experience since 2001 experience since 2001 experience since 2001 experience since 2001
 experience since 2001 experience since 2001 experience since 2001 experience since 2001 experience since 2001 experience since 2001 experience since 2001 experience since 2001
  experience since 2001 experience since 2001 experience since 2001 experience since 2001 experience since 2001 experience since 2001 experience since 2001 experience since 2001
   experience since 2001 experience since 2001 experience since 2001 experience since 2001 experience since 2001 experience since 2001 experience since 2001 experience since 2001';

INSERT INTO cars (id, brand, model, horsepower, transmission, priceperhour, photourl, instructor_id) VALUES
  (1, 'Porsche', '911 GT3', 370, 'MANUAL', 170, 'http://cs621222.vk.me/v621222392/1653a/VKn6sCVrUX8.jpg', 1),
  (2, 'BMW', 'M3', 270, 'MANUAL', 95, 'http://cs621222.vk.me/v621222392/16521/wCwSkD9YaeI.jpg', 3),
  (3, 'Lamborghini', 'Aventador', 835, 'MANUAL', 250, 'http://cs621222.vk.me/v621222392/16543/fjGBpQ_AarM.jpg', 4),
  (4, 'Audi', 'R8', 325, 'AUTO', 100, 'http://cs621222.vk.me/v621222392/1654c/CbkK4Whte48.jpg', 8),
  (5, 'Ferrari', '458 Italia Spider', 457, 'AUTO', 190, 'http://cs621222.vk.me/v621222392/16826/2evXSBDLhpM.jpg', 9);

INSERT INTO groups (id, name, description, startdate, finishdate, teacher_id) VALUES
  (1, 'E5-03-2015', 'ПН СР 17:30-19:45', '2015-01-24', '2015-03-05', 2),
  (2, 'M7-03-2015', 'ВТ ЧТ 18:00-20:15', '2015-03-19', '2015-05-20', 5),
  (3, 'D11-05-2015', 'ПН СР 19:00-21:15', '2015-04-11', '2015-06-12', 6),
  (4, 'E19-07-2015', 'ВТ ЧТ 18:30-20:45', '2015-07-09', '2015-09-20', 7),
  (5, 'D24-08-2015', 'ПН СР 17:00-19:15', '2015-08-20', '2015-10-25', 10),
  (6, 'D32-10-2015', 'ПН СР 17:15-19:30', '2015-10-20', '2015-12-25', 2);

INSERT INTO students (id, birthday, email, firstname, gender, inn, lastname, passport, patronymic, tel, login, password, ridenumber, group_id, instructor_id) VALUES
  (1, '1988-03-19', 'govorov@mail.ru', 'Sergey', 'MALE', 37430098, 'Govorov', 'DR477865', 'Fedorovich', '093-678-09-54','govorov', 'govorov', 10, 1, 1),
  (2, '1989-11-23', 'dobrynin@mail.ru', 'Andrey', 'MALE', 34534534, 'Dobrynin', 'DR477865', 'Dmitrievich', '095-365-66-34', 'dobrynin', 'dobrynin', 20, 1, 8),
  (3, '1985-09-12', 'valuev@mail.ru', 'Vadim', 'MALE', 67576564, 'Valuev', 'DR477865', 'Timurovich', '066-465-67-34', 'valuev', 'valuev', 10, 1, 3),
  (4, '1984-05-08', 'geludev@mail.ru', 'Yury', 'MALE', 34647978, 'Geludev', 'DR477865', 'Evgenyevich', '050-254-65-34', 'geludev', 'geludev', 10, 1, 4),
  (5, '1978-04-05', 'topoleva@mail.ru', 'Anna', 'FEMALE', 56734523, 'Topoleva', 'DR477865', 'Dmitrievna', '095-657-55-45', 'topoleva', 'topoleva', 20, 1, 4),
  (6, '1990-09-23', 'basina@mail.ru', 'Lilia', 'FEMALE', 97056345, 'Basina', 'DR477865', 'Aleksandrovna', '095-254-65-34', 'basina', 'basina', 20, 1, 1),
  (7, '1984-02-27', 'gavriluk@mail.ru', 'Olga', 'FEMALE', 56243567, 'Gavriluk', 'DR477865', 'Georgievna', '050-334-65-88', 'gavriluk', 'gavriluk', 10, 1, 3),
  (8, '1989-11-03', 'fedorenko@mail.ru', 'Marina', 'FEMALE', 36574565, 'Fedorenko', 'DR477865', 'Sergeevna', '067-276-56-45', 'fedorenko', 'fedorenko', 20, 1, 9),
  (9, '1987-03-12', 'rokov@mail.ru', 'Sergey', 'MALE', 56347655, 'Rokov', 'DD477865', 'Pavlovich', '093-564-56-45', 'rokov', 'rokov', 10, 2, 3),
  (10, '1983-05-23', 'drobotenko@mail.ru', 'Oleg', 'MALE', 25847365, 'Drobotenko', 'RT344523', 'Dmitrievich', '099-657-34-73', 'drobotenko', 'drobotenko', 10, 2, 4),
  (11, '1986-06-05', 'pugachev@mail.ru', 'Denis', 'MALE', 39561056, 'Pugachev', 'HG907866', 'Denisovich', '050-334-57-62', 'pugachev', 'pugachev', 10, 2, 9),
  (12, '1995-08-03', 'pavlov@mail.ru', 'Aleksey', 'MALE', 44038563, 'Pavlov', 'HJ453342', 'Vladimirovich', '050-988-45-98', 'pavlov', 'pavlov', 10, 2, 4),
  (13, '1993-03-08', 'borisenko@mail.ru', 'Ekaterina', 'FEMALE', 37726634, 'Borisenko', 'HH654533', 'Arturovna', '066-566-45-76', 'borisenko', 'borisenko', 10, 2, 1),
  (14, '1965-08-02', 'nekrasova@mail.ru', 'Inna', 'FEMALE', 44957483, 'Nekrasova', 'GH452213', 'Stanislavovna', '099-467-23-76', 'nekrasova', 'nekrasova', 10, 2, 3),
  (15, '1974-05-07', 'malysheva@mail.ru', 'Ksenia', 'FEMALE', 33098564, 'Malysheva', 'FG657445', 'Valerievna', '063-836-05-34', 'malysheva', 'malysheva', 10, 2, 8),
  (16, '1979-08-05', 'moskalenko@mail.ru', 'Elena', 'FEMALE', 33756455, 'Moskalenko', 'GG763342', 'Danilovna', '093-095-76-98', 'moskalenko', 'moskalenko', 10, 2, 9),
  (17, '1973-05-12', 'fedorovsky@mail.ru', 'Dmitry', 'MALE', 46543756, 'Fedorovsky', 'WE455365', 'Romanovich', '095-465-76-45', 'fedorovsky', 'fedorovsky', 10, 3, 3),
  (18, '1970-05-25', 'chernetsov@mail.ru', 'Evgeny', 'MALE', 48577239, 'Chernetsov', 'RR488675', 'Petrovich', '099-774-66-23', 'chernetsov', 'chernetsov', 10, 3, 4),
  (19, '1991-04-30', 'barabash@mail.ru', 'Mihail', 'MALE', 12009835, 'Barabash', 'GF687456', 'Denisovich', '097-243-54-77', 'barabash', 'barabash', 10, 3, 4),
  (20, '1992-07-20', 'labinsky@mail.ru', 'Yakov', 'MALE', 37761432, 'Labinsky', 'HG775634', 'Igorevich', '098-134-27-83', 'labinsky', 'labinsky', 10, 3, 1),
  (21, '1989-05-25', 'zolotaryeva@mail.ru', 'Elena', 'FEMALE', 09887354, 'Zolotaryeva', 'DF658567', 'Nikolaevna', '066-895-38-93', 'zolotaryeva', 'zolotaryeva', 10, 3, 3),
  (22, '1983-12-25', 'dolinnaya@mail.ru', 'Alina', 'FEMALE', 28876354, 'Dolinnaya', 'XC905674', 'Vasilyevna', '093-733-34-74', 'dolinnaya', 'dolinnaya', 10, 3, 8),
  (23, '1981-12-15', 'smaliy@mail.ru', 'Antonina', 'FEMALE', 15534209, 'Smaliy', 'DS086545', 'Glebovna', '050-557-16-77', 'smaliy', 'smaliy', 10, 3, 9),
  (24, '1988-07-15', 'severina@mail.ru', 'Rimma', 'FEMALE', 25446342, 'Severina', 'FD675564', 'Tarasovna', '095-906-75-36', 'severina', 'severina', 10, 3, 8),
  (25, '1988-04-21', 'derevayanko@mail.ru', 'Taras', 'MALE', 46534879, 'Derevayanko', 'GF678443', 'Georgievich', '050-456-64-65', 'derevayanko', 'derevayanko', 10, 4, 9),
  (26, '1987-09-25', 'pavlenko@mail.ru', 'Anatoly', 'MALE', 35471423, 'Pavlenko', 'SR557563', 'Vasilyevich', '066-663-74-54', 'pavlenko', 'pavlenko', 10, 4, 2),
  (27, '1986-06-14', 'karavaev@mail.ru', 'Konstantin', 'MALE', 98057354, 'Karavaev', 'GF894578', 'Petrovich', '099-856-76-66', 'karavaev', 'karavaev', 10, 4, 9),
  (28, '1984-07-24', 'glazunov@mail.ru', 'Aleksandr', 'MALE', 39674926, 'Glazunov', 'HG563348', 'Alekseevich', '067-967-64-67', 'glazunov', 'glazunov', 10, 4, 1),
  (29, '1980-10-05', 'tropinina@mail.ru', 'Raisa', 'FEMALE', 38564773, 'Tropinina', 'JH896578', 'Ivanovna', '093-678-67-45', 'tropinina', 'tropinina', 10, 4, 8),
  (30, '1990-11-15', 'talkova@mail.ru', 'Valentina', 'FEMALE', 19904534, 'Talkova', 'DF054675', 'Semyonovna', '063-375-87-56', 'talkova', 'talkova', 10, 4, 8),
  (31, '1996-11-18', 'grishina@mail.ru', 'Aleksandra', 'FEMALE', 27566453, 'Grishina', 'FG658231', 'Mihailovna', '093-845-87-45', 'grishina', 'grishina', 10, 4, 3),
  (32, '1994-12-01', 'lomonosova@mail.ru', 'Maria', 'FEMALE', 44534409, 'Lomonosova', 'HH329054', 'Lvovna','097-536-65-76', 'lomonosova', 'lomonosova', 10, 4, 1),
  (33, '1984-01-05', 'vlasenko@mail.ru', 'Georgy', 'MALE', 19987332, 'Vlasenko', 'JH665498', 'Dmitrievich','095-867-65-45', 'vlasenko', 'vlasenko', 10, 5, 3),
  (34, '1983-01-15', 'zavadsky@mail.ru', 'Petr', 'MALE', 10096453, 'Zavadsky', 'DF547834', 'Kirillovich','098-534-56-67', 'zavadsky', 'zavadsky', 10, 5, 3),
  (35, '1981-04-11', 'litvinenko@mail.ru', 'Maksim', 'MALE', 20990845, 'Litvinenko', 'DD658790', 'Danilovich','068-956-56-66', 'litvinenko', 'litvinenko', 10, 5, 1),
  (36, '1980-08-12', 'vinogradov@mail.ru', 'Evgeny', 'MALE', 20954633, 'Vinogradov', 'KJ985644', 'Olegovich','050-045-66-44', 'vinogradov', 'vinogradov', 10, 5, 2),
  (37, '1985-04-13', 'tsybulenko@mail.ru', 'Elvira', 'FEMALE', 13340998, 'Tsybulenko', 'HJ566745', 'Nikolaevna','098-945-99-88', 'tsybulenko', 'tsybulenko', 10, 5, 2),
  (38, '1984-05-23', 'grigoryeva@mail.ru', 'Olga', 'FEMALE', 22775645, 'Grigoryeva', 'HH657756', 'Vitalyevna','067-745-67-76', 'grigoryeva', 'grigoryeva', 10, 5, 9),
  (39, '1983-08-27', 'vakulenko@mail.ru', 'Nina', 'FEMALE', 22988453, 'Vakulenko', 'DD769877', 'Vladimirovna','067-856-56-54', 'vakulenko', 'vakulenko', 10, 5, 8),
  (40, '1987-09-01', 'friske@mail.ru', 'Janna', 'FEMALE', 20099838, 'Friske', 'SD675563', 'Vyacheslavovna','097-945-55-09', 'friske', 'friske', 10, 5, 1);

INSERT INTO registrations (id, firstname, lastname, patronymic, tel, email, car_id) VALUES
  (1, 'Ivan', 'Victorov', 'Fedorovich', '093-678-09-54', 'dovoddv@mail.ru', 1),
  (2, 'Sergey', 'Simonenko', 'Ivanovich', '093-678-09-54', 'dovoddv@mail.ru', 3),
  (3, 'Konstantin', 'Rozembaum', 'Fedorovich', '093-678-09-54', 'dovoddv@mail.ru', 5),
  (4, 'Svetlana', 'Akimenko', 'Sergeevna', '093-678-09-54', 'dovoddv@mail.ru', 1);

insert into themes (id, name) values (1, 'Вождение велосипедов'), (2, 'Вождение мотоциклов');
insert into exams (id, name, questionperticketquantity, ticketquantity) VALUES
(1, 'ПДД-2014-Украина-B', 5, 5),
(2, 'ПДД-2015-Украина-A', 10, 10);
insert into tickets (id, number, exam_id) values
(1, 1, 1),
(2, 2, 1),
(3, 3, 1),
(4, 4, 1),
(5, 5, 1);
INSERT INTO questions (id, number, question, theme_id, ticket_id, description) VALUES
(1, 1, 'Можно ли выполнять разворот', 1, 1, 'Разворот допускается, т.к. разделительная полоса прерывается п.4.44'),
(2, 2, 'Можно проехать на красный свет', 1, 1, 'Проезд на красный свет запрещён, п.2.13'),
(3, 3, 'Остановка по требованию гаишника:', 1, 1, 'Остановка по требованию инспектора обязательна, п.1.2'),
(4, 4, 'Можно ли выполнять разворот', 1, 1, 'Разворот допускается, т.к. разделительная полоса прерывается п.4.44'),
(5, 5, 'Можно проехать на красный свет', 1, 1, 'Проезд на красный свет запрещён, п.2.13'),
(6, 1, 'Остановка по требованию гаишника:', 1, 2, 'Остановка по требованию инспектора обязательна, п.1.2'),
(7, 2, 'Можно ли выполнять разворот', 1, 2, 'Разворот допускается, т.к. разделительная полоса прерывается п.4.44'),
(8, 3, 'Можно проехать на красный свет', 1, 2, 'Проезд на красный свет запрещён, п.2.13'),
(9, 4, 'Остановка по требованию гаишника:', 1, 2, 'Остановка по требованию инспектора обязательна, п.1.2'),
(10, 5, 'Можно ли выполнять разворот', 1, 2, 'Разворот допускается, т.к. разделительная полоса прерывается п.4.44'),
(11, 1, 'Можно проехать на красный свет', 1, 3, 'Проезд на красный свет запрещён, п.2.13'),
(12, 2, 'Остановка по требованию гаишника:', 1, 3, 'Остановка по требованию инспектора обязательна, п.1.2'),
(13, 3, 'Можно ли выполнять разворот', 1, 3, 'Разворот допускается, т.к. разделительная полоса прерывается п.4.44'),
(14, 4, 'Можно проехать на красный свет', 1, 3, 'Проезд на красный свет запрещён, п.2.13'),
(15, 5, 'Остановка по требованию гаишника:', 1, 3, 'Остановка по требованию инспектора обязательна, п.1.2'),
(16, 1, 'Можно ли выполнять разворот', 1, 4, 'Разворот допускается, т.к. разделительная полоса прерывается п.4.44'),
(17, 2, 'Можно проехать на красный свет', 1, 4, 'Проезд на красный свет запрещён, п.2.13'),
(18, 3, 'Остановка по требованию гаишника:', 1, 4, 'Остановка по требованию инспектора обязательна, п.1.2'),
(19, 4, 'Можно ли выполнять разворот', 1, 4, 'Разворот допускается, т.к. разделительная полоса прерывается п.4.44'),
(20, 5, 'Можно проехать на красный свет', 1, 4, 'Проезд на красный свет запрещён, п.2.13'),
(21, 1, 'Можно ли выполнять разворот', 1, 5, 'Разворот допускается, т.к. разделительная полоса прерывается п.4.44'),
(22, 2, 'Можно проехать на красный свет', 1, 5, 'Проезд на красный свет запрещён, п.2.13'),
(23, 3, 'Остановка по требованию гаишника:', 1, 5, 'Остановка по требованию инспектора обязательна, п.1.2'),
(24, 4, 'Можно ли выполнять разворот', 1, 5, 'Разворот допускается, т.к. разделительная полоса прерывается п.4.44'),
(25, 5, 'Можно проехать на красный свет', 1, 5, 'Проезд на красный свет запрещён, п.2.13');

insert into answers (id, answer, correct, question_id) values
(1, 'да', true, 1),
(2, 'нет', FALSE , 1),
(3, 'при плохой погоде можно', FALSE , 1),

(4, 'да', FALSE , 2),
(5, 'нет', TRUE , 2),

(6, 'да', true, 3),
(7, 'нет', FALSE , 3),

(8, 'при плохой погоде можно', FALSE , 4),
(9, 'да', FALSE , 4),
(10, 'нет', TRUE , 4),

(11, 'да', true, 5),
(12, 'нет', FALSE , 5),
(13, 'при плохой погоде можно', FALSE , 5),

(14, 'да', FALSE , 6),
(15, 'нет', TRUE , 6),

(16, 'да', true, 7),
(17, 'нет', FALSE , 7),
(18, 'при плохой погоде можно', FALSE , 7),

(19, 'да', FALSE , 8),
(20, 'нет', TRUE , 8),

(21, 'да', true, 9),
(22, 'нет', FALSE , 9),

(23, 'при плохой погоде можно', FALSE , 10),
(24, 'да', FALSE , 10),
(25, 'нет', TRUE , 10),

(26, 'да', true, 11),
(27, 'нет', FALSE , 11),

(28, 'при плохой погоде можно', FALSE , 12),
(29, 'да', FALSE , 12),
(30, 'нет', TRUE , 12),

(31, 'да', true, 13),
(32, 'нет', FALSE , 13),

(33, 'при плохой погоде можно', FALSE , 14),
(34, 'да', FALSE , 14),
(35, 'нет', TRUE , 14),

(36, 'да', true, 15),
(37, 'нет', FALSE , 15),

(38, 'при плохой погоде можно', FALSE , 16),
(39, 'да', FALSE , 16),
(40, 'нет', TRUE , 16),

(41, 'да', true, 17),
(42, 'нет', FALSE , 17),

(43, 'при плохой погоде можно', FALSE , 18),
(44, 'да', FALSE , 18),
(45, 'нет', TRUE , 18),

(46, 'можно, если вы водитель скорой помощи', FALSE , 19),
(47, 'обязательна', TRUE , 19),

(48, 'не обязательна', FALSE , 20),
(49, 'обязательна', TRUE , 20),

(50, 'не обязательна', FALSE , 21),
(51, 'обязательна', TRUE , 21),

(52, 'не обязательна', FALSE , 22),
(53, 'обязательна', TRUE , 22),

(54, 'не обязательна', FALSE , 23),
(55, 'обязательна', TRUE , 23),

(56, 'не обязательна', FALSE , 24),
(57, 'обязательна', TRUE , 24),

(58, 'не обязательна', FALSE , 25),
(59, 'обязательна', TRUE , 25);

INSERT INTO roadsigns (id, number, name, category, imageurl, description) VALUES
  (1,'1.1','Опасный поворот направо','Предупреждающий знак','/images/roadsigns/1.1_b.gif','http://pdd.ua/33/1.1/'),
  (2,'1.2','Опасный поворот налево','Предупреждающий знак','/images/roadsigns/1.2_b.gif','http://pdd.ua/33/1.2/'),
  (3,'1.3.1','Несколько поворотов','Предупреждающий знак','/images/roadsigns/1.3.1_b.gif','http://pdd.ua/33/1.3.1/'),
  (4,'1.3.2','Несколько поворотов','Предупреждающий знак','/images/roadsigns/1.3.2_b.gif','http://pdd.ua/33/1.3.2/'),
  (5,'1.4.1','Направление поворота','Предупреждающий знак','/images/roadsigns/1.4.1_b.gif','http://pdd.ua/33/1.4.1/'),
  (6,'1.4.2','Направление поворота','Предупреждающий знак','/images/roadsigns/1.4.2_b.gif','http://pdd.ua/33/1.4.2/'),
  (7,'1.4.3','Направление поворота','Предупреждающий знак','/images/roadsigns/1.4.3_b.gif','http://pdd.ua/33/1.4.3/'),
  (8,'1.5.1','Сужение дороги','Предупреждающий знак','/images/roadsigns/1.5.1_b.gif','http://pdd.ua/33/1.5.1/'),
  (9,'1.5.2','Сужение дороги','Предупреждающий знак','/images/roadsigns/1.5.2_b.gif','http://pdd.ua/33/1.5.2/'),
  (10,'1.5.3','Сужение дороги','Предупреждающий знак','/images/roadsigns/1.5.3_b.gif','http://pdd.ua/33/1.5.3/'),
  (11,'1.6','Крутой подъем','Предупреждающий знак','/images/roadsigns/1.6_b.gif','http://pdd.ua/33/1.6/'),
  (12,'1.7','Крутой спуск','Предупреждающий знак','/images/roadsigns/1.7_b.gif','http://pdd.ua/33/1.7/'),
  (13,'1.8','Выезд на набережную или берег','Предупреждающий знак','/images/roadsigns/1.8_b.gif','http://pdd.ua/33/1.8/'),
  (14,'1.9','Туннель','Предупреждающий знак','/images/roadsigns/1.9_b.gif','http://pdd.ua/33/1.9/'),
  (15,'1.10','Неровная дорога','Предупреждающий знак','/images/roadsigns/1.10_b.gif','http://pdd.ua/33/1.10/'),
  (16,'1.11','Бугор','Предупреждающий знак','/images/roadsigns/1.11_b.gif','http://pdd.ua/33/1.11/'),
  (17,'1.12','Выбоина','Предупреждающий знак','/images/roadsigns/1.12_b.gif','http://pdd.ua/33/1.12/'),
  (18,'1.13','Скользкая дорога','Предупреждающий знак','/images/roadsigns/1.13_b.gif','http://pdd.ua/33/1.13/'),
  (19,'1.14','Выброс каменистых материалов','Предупреждающий знак','/images/roadsigns/1.14_b.gif','http://pdd.ua/33/1.14/'),
  (20,'1.15','Опасная обочина','Предупреждающий знак','/images/roadsigns/1.15_b.gif','http://pdd.ua/33/1.15/'),
  (21,'1.16','Падение камней','Предупреждающий знак','/images/roadsigns/1.16_b.gif','http://pdd.ua/33/1.16/'),
  (22,'1.17','Боковой ветер','Предупреждающий знак','/images/roadsigns/1.17_b.gif','http://pdd.ua/33/1.17/'),
  (23,'1.18','Низколетящие самолеты','Предупреждающий знак','/images/roadsigns/1.18_b.gif','http://pdd.ua/33/1.18/'),
  (24,'1.19','Пересечение с круговым движением','Предупреждающий знак','/images/roadsigns/1.19_b.gif','http://pdd.ua/33/1.19/'),
  (25,'1.20','Пересечение с трамвайными путями','Предупреждающий знак','/images/roadsigns/1.20_b.gif','http://pdd.ua/33/1.20/'),
  (26,'1.21','Пересечение равнозначных дорог','Предупреждающий знак','/images/roadsigns/1.21_b.gif','http://pdd.ua/33/1.21/'),
  (27,'1.22','Пересечение с второстепенной дорогой','Предупреждающий знак','/images/roadsigns/1.22_b.gif','http://pdd.ua/33/1.22/'),
  (28,'1.23.1','Примыкание второстепенной дороги','Предупреждающий знак','/images/roadsigns/1.23.1_b.gif','http://pdd.ua/33/1.23.1/'),
  (29,'1.23.2','Примыкание второстепенной дороги','Предупреждающий знак','/images/roadsigns/1.23.2_b.gif','http://pdd.ua/33/1.23.2/'),
  (30,'1.23.3','Примыкание второстепенной дороги','Предупреждающий знак','/images/roadsigns/1.23.3_b.gif','http://pdd.ua/33/1.23.3/'),
  (31,'1.23.4','Примыкание второстепенной дороги','Предупреждающий знак','/images/roadsigns/1.23.4_b.gif','http://pdd.ua/33/1.23.4/'),
  (32,'1.24','Светофорное регулирование','Предупреждающий знак','/images/roadsigns/1.24_b.gif','http://pdd.ua/33/1.24/'),
  (33,'1.25','Разводной мост','Предупреждающий знак','/images/roadsigns/1.25_b.gif','http://pdd.ua/33/1.25/'),
  (34,'1.26','Двустороннее движение','Предупреждающий знак','/images/roadsigns/1.26_b.gif','http://pdd.ua/33/1.26/'),
  (35,'1.27','Железнодорожный переезд со шлагбаумом','Предупреждающий знак','/images/roadsigns/1.27_b.gif','http://pdd.ua/33/1.27/'),
  (36,'1.28','Железнодорожный переезд без шлагбаума','Предупреждающий знак','/images/roadsigns/1.28_b.gif','http://pdd.ua/33/1.28/'),
  (37,'1.29','Однопутная железная дорога','Предупреждающий знак','/images/roadsigns/1.29_b.gif','http://pdd.ua/33/1.29/'),
  (38,'1.30','Многопутная железная дорога','Предупреждающий знак','/images/roadsigns/1.30_b.gif','http://pdd.ua/33/1.30/'),
  (39,'1.31.1','Приближение к железнодорожному переезду','Предупреждающий знак','/images/roadsigns/1.31.1_b.gif','http://pdd.ua/33/1.31.1/'),
  (40,'1.31.2','Приближение к железнодорожному переезду','Предупреждающий знак','/images/roadsigns/1.31.2_b.gif','http://pdd.ua/33/1.31.2/'),
  (41,'1.31.3','Приближение к железнодорожному переезду','Предупреждающий знак','/images/roadsigns/1.31.3_b.gif','http://pdd.ua/33/1.31.3/'),
  (42,'1.31.4','Приближение к железнодорожному переезду','Предупреждающий знак','/images/roadsigns/1.31.4_b.gif','http://pdd.ua/33/1.31.4/'),
  (43,'1.31.5','Приближение к железнодорожному переезду','Предупреждающий знак','/images/roadsigns/1.31.5_b.gif','http://pdd.ua/33/1.31.5/'),
  (44,'1.31.6','Приближение к железнодорожному переезду','Предупреждающий знак','/images/roadsigns/1.31.6_b.gif','http://pdd.ua/33/1.31.6/'),
  (45,'1.32','Пешеходный переход','Предупреждающий знак','/images/roadsigns/1.32_b.gif','http://pdd.ua/33/1.32/'),
  (46,'1.33','Дети','Предупреждающий знак','/images/roadsigns/1.33_b.gif','http://pdd.ua/33/1.33/'),
  (47,'1.34','Выезд велосипедистов','Предупреждающий знак','/images/roadsigns/1.34_b.gif','http://pdd.ua/33/1.34/'),
  (48,'1.35','Перегон скота','Предупреждающий знак','/images/roadsigns/1.35_b.gif','http://pdd.ua/33/1.35/'),
  (49,'1.36','Дикие животные','Предупреждающий знак','/images/roadsigns/1.36_b.gif','http://pdd.ua/33/1.36/'),
  (50,'1.37','Дорожные работы','Предупреждающий знак','/images/roadsigns/1.37_b.gif','http://pdd.ua/33/1.37/'),
  (51,'1.38','Заторы в дорожном движении','Предупреждающий знак','/images/roadsigns/1.38_b.gif','http://pdd.ua/33/1.38/'),
  (52,'1.39','Аварийно опасный участок','Предупреждающий знак','/images/roadsigns/1.39_b.gif','http://pdd.ua/33/1.39/'),
  (53,'1.40','Конец дороги с усовершенствованным покрытием','Предупреждающий знак','/images/roadsigns/1.40_b.gif','http://pdd.ua/33/1.40/'),
  (54,'2.1','Уступить дорогу','Знак приоритета','/images/roadsigns/2.1_b.gif','http://pdd.ua/33/2.1/'),
  (55,'2.2','Проезд без остановки запрещен','Знак приоритета','/images/roadsigns/2.2_b.gif','http://pdd.ua/33/2.2/'),
  (56,'2.3','Главная дорога','Знак приоритета','/images/roadsigns/2.3_b.gif','http://pdd.ua/33/2.3/'),
  (57,'2.4','Конец главной дороги','Знак приоритета','/images/roadsigns/2.4_b.gif','http://pdd.ua/33/2.4/'),
  (58,'2.5','Преимущество встречного движения','Знак приоритета','/images/roadsigns/2.5_b.gif','http://pdd.ua/33/2.5/'),
  (59,'2.6','Преимущество перед встречным движением','Знак приоритета','/images/roadsigns/2.6_b.gif','http://pdd.ua/33/2.6/'),
  (60,'3.1','Движение запрещено','Запрещающий знак','/images/roadsigns/3.1_b.gif','http://pdd.ua/33/3.1/'),
  (61,'3.2','Движение механических транспортных средств запрещено','Запрещающий знак','/images/roadsigns/3.2_b.gif','http://pdd.ua/33/3.2/'),
  (62,'3.3','Движение грузовых автомобилей запрещено','Запрещающий знак','/images/roadsigns/3.3_b.gif','http://pdd.ua/33/3.3/'),
  (63,'3.4','Движение с прицепом запрещено','Запрещающий знак','/images/roadsigns/3.4_b.gif','http://pdd.ua/33/3.4/'),
  (64,'3.5','Движение тракторов запрещено','Запрещающий знак','/images/roadsigns/3.5_b.gif','http://pdd.ua/33/3.5/'),
  (65,'3.6','Движение мотоциклов запрещено','Запрещающий знак','/images/roadsigns/3.6_b.gif','http://pdd.ua/33/3.6/'),
  (66,'3.7','Движение на мопедах запрещено','Запрещающий знак','/images/roadsigns/3.7_b.gif','http://pdd.ua/33/3.7/'),
  (67,'3.8','Движение на велосипедах запрещено','Запрещающий знак','/images/roadsigns/3.8_b.gif','http://pdd.ua/33/3.8/'),
  (68,'3.9','Движение пешеходов запрещено','Запрещающий знак','/images/roadsigns/3.9_b.gif','http://pdd.ua/33/3.9/'),
  (69,'3.10','Движение с ручными тележками запрещено','Запрещающий знак','/images/roadsigns/3.10_b.gif','http://pdd.ua/33/3.10/'),
  (70,'3.11','Движение гужевых телег (саней) запрещено','Запрещающий знак','/images/roadsigns/3.11_b.gif','http://pdd.ua/33/3.11/'),
  (71,'3.12','Движение транспортных средств, перевозящих опасные грузы, запрещено','Запрещающий знак','/images/roadsigns/3.12_b.gif','http://pdd.ua/33/3.12/'),
  (72,'3.13','Движение транспортных средств, перевозящих взрывчатку, запрещено','Запрещающий знак','/images/roadsigns/3.13_b.gif','http://pdd.ua/33/3.13/'),
  (73,'3.14','Движение транспортных средств, перевозящих вещества, которые загрязняют воду, запрещено','Запрещающий знак','/images/roadsigns/3.14_b.gif','http://pdd.ua/33/3.14/'),
  (74,'3.15','Движение транспортных средств, масса которых превышает N т, запрещено','Запрещающий знак','/images/roadsigns/3.15_b.gif','http://pdd.ua/33/3.15/'),
  (75,'3.16','Движение транспортных средств, нагрузка на ось которых превышает N т, запрещено','Запрещающий знак','/images/roadsigns/3.16_b.gif','http://pdd.ua/33/3.16/'),
  (76,'3.17','Движение транспортных средств, ширина которых превышает N м, запрещено','Запрещающий знак','/images/roadsigns/3.17_b.gif','http://pdd.ua/33/3.17/'),
  (77,'3.18','Движение транспортных средств, высота которых превышает N м, запрещен','Запрещающий знак','/images/roadsigns/3.18_b.gif','http://pdd.ua/33/3.18/'),
  (78,'3.19','Движение транспортных средств, длина которых превышает N м, запрещено','Запрещающий знак','/images/roadsigns/3.19_b.gif','http://pdd.ua/33/3.19/'),
  (79,'3.20','Движение транспортных средств без соблюдения дистанции N м запрещено','Запрещающий знак','/images/roadsigns/3.20_b.gif','http://pdd.ua/33/3.20/'),
  (80,'3.21','Въезд запрещен','Запрещающий знак','/images/roadsigns/3.21_b.gif','http://pdd.ua/33/3.21/'),
  (81,'3.22','Поворот в правую сторону запрещен','Запрещающий знак','/images/roadsigns/3.22_b.gif','http://pdd.ua/33/3.22/'),
  (82,'3.23','Поворот в левую сторону запрещен','Запрещающий знак','/images/roadsigns/3.23_b.gif','http://pdd.ua/33/3.23/'),
  (83,'3.24','Разворот запрещен','Запрещающий знак','/images/roadsigns/3.24_b.gif','http://pdd.ua/33/3.24/'),
  (84,'3.25','Обгон запрещен','Запрещающий знак','/images/roadsigns/3.25_b.gif','http://pdd.ua/33/3.25/'),
  (85,'3.26','Конец запрещения обгона','Запрещающий знак','/images/roadsigns/3.26_b.gif','http://pdd.ua/33/3.26/'),
  (86,'3.27','Обгон грузовым автомобилям запрещен','Запрещающий знак','/images/roadsigns/3.27_b.gif','http://pdd.ua/33/3.27/'),
  (87,'3.28','Конец запрещения обгона грузовым автомобилям','Запрещающий знак','/images/roadsigns/3.28_b.gif','http://pdd.ua/33/3.28/'),
  (88,'3.29','Ограничение максимальной скорости','Запрещающий знак','/images/roadsigns/3.29_b.gif','http://pdd.ua/33/3.29/'),
  (89,'3.30','Конец ограничения максимальной скорости','Запрещающий знак','/images/roadsigns/3.30_b.gif','http://pdd.ua/33/3.30/'),
  (90,'3.31','Зона ограничения максимальной скорости','Запрещающий знак','/images/roadsigns/3.31_b.gif','http://pdd.ua/33/3.31/'),
  (91,'3.32','Конец зоны ограничения максимальной скорости','Запрещающий знак','/images/roadsigns/3.32_b.gif','http://pdd.ua/33/3.32/'),
  (92,'3.33','Подачу звукового сигнала запрещено','Запрещающий знак','/images/roadsigns/3.33_b.gif','http://pdd.ua/33/3.33/'),
  (93,'3.34','Остановка запрещена','Запрещающий знак','/images/roadsigns/3.34_b.gif','http://pdd.ua/33/3.34/'),
  (94,'3.35','Стоянка запрещена','Запрещающий знак','/images/roadsigns/3.35_b.gif','http://pdd.ua/33/3.35/'),
  (95,'3.36','Стоянка запрещена по нечетным числам месяца','Запрещающий знак','/images/roadsigns/3.36_b.gif','http://pdd.ua/33/3.36/'),
  (96,'3.37','Стоянка запрещена по четным числам месяца','Запрещающий знак','/images/roadsigns/3.37_b.gif','http://pdd.ua/33/3.37/'),
  (97,'3.38','Зона ограниченной стоянки','Запрещающий знак','/images/roadsigns/3.38_b.gif','http://pdd.ua/33/3.38/'),
  (98,'3.39','Конец зоны ограниченной стоянки','Запрещающий знак','/images/roadsigns/3.39_b.gif','http://pdd.ua/33/3.39/'),
  (99,'3.40','Таможня','Запрещающий знак','/images/roadsigns/3.40_b.gif','http://pdd.ua/33/3.40/'),
  (100,'3.41','Контроль','Запрещающий знак','/images/roadsigns/3.41_b.gif','http://pdd.ua/33/3.41/'),
  (101,'3.42','Конец всех запретов и ограничений','Запрещающий знак','/images/roadsigns/3.42_b.gif','http://pdd.ua/33/3.42/'),
  (102,'3.43','Опасность','Запрещающий знак','/images/roadsigns/3.43_b.gif','http://pdd.ua/33/3.43/'),
  (103,'4.1','Движение прямо','Предписывающий знак','/images/roadsigns/4.1_b.gif','http://pdd.ua/33/4.1/'),
  (104,'4.2','Движение направо','Предписывающий знак','/images/roadsigns/4.2_b.gif','http://pdd.ua/33/4.2/'),
  (105,'4.3','Движение налево','Предписывающий знак','/images/roadsigns/4.3_b.gif','http://pdd.ua/33/4.3/'),
  (106,'4.4','Движение прямо или направо','Предписывающий знак','/images/roadsigns/4.4_b.gif','http://pdd.ua/33/4.4/'),
  (107,'4.5','Движение прямо или налево','Предписывающий знак','/images/roadsigns/4.5_b.gif','http://pdd.ua/33/4.5/'),
  (108,'4.6','Движение направо или налево','Предписывающий знак','/images/roadsigns/4.6_b.gif','http://pdd.ua/33/4.6/'),
  (109,'4.7','Объезд препятствия с правой стороны','Предписывающий знак','/images/roadsigns/4.7_b.gif','http://pdd.ua/33/4.7/'),
  (110,'4.8','Объезд препятствия с левой стороны','Предписывающий знак','/images/roadsigns/4.8_b.gif','http://pdd.ua/33/4.8/'),
  (111,'4.9','Объезд препятствия с правой или левой стороны','Предписывающий знак','/images/roadsigns/4.9_b.gif','http://pdd.ua/33/4.9/'),
  (112,'4.10','Круговое движение','Предписывающий знак','/images/roadsigns/4.10_b.gif','http://pdd.ua/33/4.10/'),
  (113,'4.11','Движение легковых автомобилей','Предписывающий знак','/images/roadsigns/4.11_b.gif','http://pdd.ua/33/4.11/'),
  (114,'4.12','Дорожка для велосипедистов','Предписывающий знак','/images/roadsigns/4.12_b.gif','http://pdd.ua/33/4.12/'),
  (115,'4.13','Дорожка для пешеходов','Предписывающий знак','/images/roadsigns/4.13_b.gif','http://pdd.ua/33/4.13/'),
  (116,'4.14','Дорожка для пешеходов и велосипедистов','Предписывающий знак','/images/roadsigns/4.14_b.gif','http://pdd.ua/33/4.14/'),
  (117,'4.15','Дорожка для всадников','Предписывающий знак','/images/roadsigns/4.15_b.gif','http://pdd.ua/33/4.15/'),
  (118,'4.16','Ограничение минимальной скорости','Предписывающий знак','/images/roadsigns/4.16_b.gif','http://pdd.ua/33/4.16/'),
  (119,'4.17','Конец ограничения минимальной скорости','Предписывающий знак','/images/roadsigns/4.17_b.gif','http://pdd.ua/33/4.17/'),
  (120,'4.18.1','Направление движения транспортных средств с опасными грузами','Предписывающий знак','/images/roadsigns/4.18.1_b.gif','http://pdd.ua/33/4.18.1/'),
  (121,'4.18.2','Направление движения транспортных средств с опасными грузами','Предписывающий знак','/images/roadsigns/4.18.2_b.gif','http://pdd.ua/33/4.18.2/'),
  (122,'4.18.3','Направление движения транспортных средств с опасными грузами','Предписывающий знак','/images/roadsigns/4.18.3_b.gif','http://pdd.ua/33/4.18.3/'),
  (123,'5.1','Автомагистраль','Информационно-указательный знак','/images/roadsigns/5.1_b.gif','http://pdd.ua/33/5.1/'),
  (124,'5.2','Конец автомагистрали','Информационно-указательный знак','/images/roadsigns/5.2_b.gif','http://pdd.ua/33/5.2/'),
  (125,'5.3','Дорога для автомобилей','Информационно-указательный знак','/images/roadsigns/5.3_b.gif','http://pdd.ua/33/5.3/'),
  (126,'5.4','Конец дороги для автомобилей','Информационно-указательный знак','/images/roadsigns/5.4_b.gif','http://pdd.ua/33/5.4/'),
  (127,'5.5','Дорога с односторонним движением','Информационно-указательный знак','/images/roadsigns/5.5_b.gif','http://pdd.ua/33/5.5/'),
  (128,'5.6','Конец дороги с односторонним движением','Информационно-указательный знак','/images/roadsigns/5.6_b.gif','http://pdd.ua/33/5.6/'),
  (129,'5.7.1','Выезд на дорогу с односторонним движением','Информационно-указательный знак','/images/roadsigns/5.7.1_b.gif','http://pdd.ua/33/5.7.1/'),
  (130,'5.7.2','Выезд на дорогу с односторонним движением','Информационно-указательный знак','/images/roadsigns/5.7.2_b.gif','http://pdd.ua/33/5.7.2/'),
  (131,'5.8','Дорога с полосой для движения маршрутных транспортных средств','Информационно-указательный знак','/images/roadsigns/5.8_b.gif','http://pdd.ua/33/5.8/'),
  (132,'5.9','Конец дороги с полосой для движения маршрутных транспортных средств','Информационно-указательный знак','/images/roadsigns/5.9_b.gif','http://pdd.ua/33/5.9/'),
  (133,'5.10.1','Выезд на дорогу с полосой для движения маршрутных транспортных средств','Информационно-указательный знак','/images/roadsigns/5.10.1_b.gif','http://pdd.ua/33/5.10.1/'),
  (134,'5.10.2','Выезд на дорогу с полосой для движения маршрутных транспортных средств','Информационно-указательный знак','/images/roadsigns/5.10.2_b.gif','http://pdd.ua/33/5.10.2/'),
  (135,'5.11','Полоса для движения маршрутных транспортных средств','Информационно-указательный знак','/images/roadsigns/5.11_b.gif','http://pdd.ua/33/5.11/'),
  (136,'5.12','Конец полосы для движения маршрутных транспортных средств','Информационно-указательный знак','/images/roadsigns/5.12_b.gif','http://pdd.ua/33/5.12/'),
  (137,'5.13','Дорога с реверсивным движением','Информационно-указательный знак','/images/roadsigns/5.13_b.gif','http://pdd.ua/33/5.13/'),
  (138,'5.14','Конец дороги с реверсивным движением','Информационно-указательный знак','/images/roadsigns/5.14_b.gif','http://pdd.ua/33/5.14/'),
  (139,'5.15','Выезд на дорогу с реверсивным движением','Информационно-указательный знак','/images/roadsigns/5.15_b.gif','http://pdd.ua/33/5.15/'),
  (140,'5.16','Направления движения по полосам','Информационно-указательный знак','/images/roadsigns/5.16_b.gif','http://pdd.ua/33/5.16/'),
  (141,'5.17.1','Направление движения по полосам','Информационно-указательный знак','/images/roadsigns/5.17.1_b.gif','http://pdd.ua/33/5.17.1/'),
  (142,'5.17.2','Направление движения по полосам','Информационно-указательный знак','/images/roadsigns/5.17.2_b.gif','http://pdd.ua/33/5.17.2/'),
  (143,'5.18','Направление движения по полосе','Информационно-указательный знак','/images/roadsigns/5.18_b.gif','http://pdd.ua/33/5.18/'),
  (144,'5.19','Использование полосы движения','Информационно-указательный знак','/images/roadsigns/5.19_b.gif','http://pdd.ua/33/5.19/'),
  (145,'5.20.1','Начало дополнительной полосы движения','Информационно-указательный знак','/images/roadsigns/5.20.1_b.gif','http://pdd.ua/33/5.20.1/'),
  (146,'5.20.2','Начало дополнительной полосы движения','Информационно-указательный знак','/images/roadsigns/5.20.2_b.gif','http://pdd.ua/33/5.20.2/'),
  (147,'5.20.3','Начало дополнительной полосы движения','Информационно-указательный знак','/images/roadsigns/5.20.3_b.gif','http://pdd.ua/33/5.20.3/'),
  (148,'5.21.1','Конец дополнительной полосы движения','Информационно-указательный знак','/images/roadsigns/5.21.1_b.gif','http://pdd.ua/33/5.21.1/'),
  (149,'5.21.2','Конец дополнительной полосы движения','Информационно-указательный знак','/images/roadsigns/5.21.2_b.gif','http://pdd.ua/33/5.21.2/'),
  (150,'5.22','Прилегание полосы для разгона транспортных средств','Информационно-указательный знак','/images/roadsigns/5.22_b.gif','http://pdd.ua/33/5.22/'),
  (151,'5.23','Прилегание дополнительной полосы движения с правой стороны','Информационно-указательный знак','/images/roadsigns/5.23_b.gif','http://pdd.ua/33/5.23/'),
  (152,'5.24.1','Изменение направления движения на дороге с разделительной полосой','Информационно-указательный знак','/images/roadsigns/5.24.1_b.gif','http://pdd.ua/33/5.24.1/'),
  (153,'5.24.2','Изменение направления движения на дороге с разделительной полосой','Информационно-указательный знак','/images/roadsigns/5.24.2_b.gif','http://pdd.ua/33/5.24.2/'),
  (154,'5.25','Полоса движения для аварийной остановки','Информационно-указательный знак','/images/roadsigns/5.25_b.gif','http://pdd.ua/33/5.25/'),
  (155,'5.26','Место для разворота','Информационно-указательный знак','/images/roadsigns/5.26_b.gif','http://pdd.ua/33/5.26/'),
  (156,'5.27','Зона для разворота','Информационно-указательный знак','/images/roadsigns/5.27_b.gif','http://pdd.ua/33/5.27/'),
  (157,'5.28.1','Направление движения для грузовых автомобилей','Информационно-указательный знак','/images/roadsigns/5.28.1_b.gif','http://pdd.ua/33/5.28.1/'),
  (158,'5.28.2','Направление движения для грузовых автомобилей','Информационно-указательный знак','/images/roadsigns/5.28.2_b.gif','http://pdd.ua/33/5.28.2/'),
  (159,'5.28.3','Направление движения для грузовых автомобилей','Информационно-указательный знак','/images/roadsigns/5.28.3_b.gif','http://pdd.ua/33/5.28.3/'),
  (160,'5.29.1','Тупик','Информационно-указательный знак','/images/roadsigns/5.29.1_b.gif','http://pdd.ua/33/5.29.1/'),
  (161,'5.29.2','Тупик','Информационно-указательный знак','/images/roadsigns/5.29.2_b.gif','http://pdd.ua/33/5.29.2/'),
  (162,'5.29.3','Тупик','Информационно-указательный знак','/images/roadsigns/5.29.3_b.gif','http://pdd.ua/33/5.29.3/'),
  (163,'5.30','Рекомендованная скорость','Информационно-указательный знак','/images/roadsigns/5.30_b.gif','http://pdd.ua/33/5.30/'),
  (164,'5.31','Жилая зона','Информационно-указательный знак','/images/roadsigns/5.31_b.gif','http://pdd.ua/33/5.31/'),
  (165,'5.32','Конец жилой зоны','Информационно-указательный знак','/images/roadsigns/5.32_b.gif','http://pdd.ua/33/5.32/'),
  (166,'5.33','Пешеходная зона','Информационно-указательный знак','/images/roadsigns/5.33_b.gif','http://pdd.ua/33/5.33/'),
  (167,'5.34','Конец пешеходной зоны','Информационно-указательный знак','/images/roadsigns/5.34_b.gif','http://pdd.ua/33/5.34/'),
  (168,'5.35.1','Пешеходный переход','Информационно-указательный знак','/images/roadsigns/5.35.1_b.gif','http://pdd.ua/33/5.35.1/'),
  (169,'5.35.2','Пешеходный переход','Информационно-указательный знак','/images/roadsigns/5.35.2_b.gif','http://pdd.ua/33/5.35.2/'),
  (170,'5.36.1','Подземный пешеходный переход','Информационно-указательный знак','/images/roadsigns/5.36.1_b.gif','http://pdd.ua/33/5.36.1/'),
  (171,'5.36.2','Подземный пешеходный переход','Информационно-указательный знак','/images/roadsigns/5.36.2_b.gif','http://pdd.ua/33/5.36.2/'),
  (172,'5.37.1','Надземный пешеходный переход','Информационно-указательный знак','/images/roadsigns/5.37.1_b.gif','http://pdd.ua/33/5.37.1/'),
  (173,'5.37.2','Надземный пешеходный переход','Информационно-указательный знак','/images/roadsigns/5.37.2_b.gif','http://pdd.ua/33/5.37.2/'),
  (174,'5.38','Место для стоянки','Информационно-указательный знак','/images/roadsigns/5.38_b.gif','http://pdd.ua/33/5.38/'),
  (175,'5.39','Зона стоянки','Информационно-указательный знак','/images/roadsigns/5.39_b.gif','http://pdd.ua/33/5.39/'),
  (176,'5.40','Конец зоны стоянки','Информационно-указательный знак','/images/roadsigns/5.40_b.gif','http://pdd.ua/33/5.40/'),
  (177,'5.41.1','Пункт остановки автобуса','Информационно-указательный знак','/images/roadsigns/5.41_b.gif','http://pdd.ua/33/5.41.1/'),
  (178,'5.42.1','Пункт остановки трамвая','Информационно-указательный знак','/images/roadsigns/5.42_b.gif','http://pdd.ua/33/5.42.1/'),
  (179,'5.43.1','Пункт остановки троллейбуса','Информационно-указательный знак','/images/roadsigns/5.43_b.gif','http://pdd.ua/33/5.43.1/'),
  (180,'5.44','Место остановки такси','Информационно-указательный знак','/images/roadsigns/5.44_b.gif','http://pdd.ua/33/5.44/'),
  (181,'5.45','Начало населенного пункта','Информационно-указательный знак','/images/roadsigns/5.45_b.gif','http://pdd.ua/33/5.45/'),
  (182,'5.46','Конец населенного пункта','Информационно-указательный знак','/images/roadsigns/5.46_b.gif','http://pdd.ua/33/5.46/'),
  (183,'5.47','Начало населенного пункта','Информационно-указательный знак','/images/roadsigns/5.47_b.gif','http://pdd.ua/33/5.47/'),
  (184,'5.48','Конец населенного пункта','Информационно-указательный знак','/images/roadsigns/5.48_b.gif','http://pdd.ua/33/5.48/'),
  (185,'5.49','Указатель общих ограничений скорости','Информационно-указательный знак','/images/roadsigns/5.49_b.gif','http://pdd.ua/33/5.49/'),
  (186,'5.50','Возможность использования дороги','Информационно-указательный знак','/images/roadsigns/5.50_b.gif','http://pdd.ua/33/5.50/'),
  (187,'5.51','Предварительный указатель направлений','Информационно-указательный знак','/images/roadsigns/5.51.2_b.gif','http://pdd.ua/33/5.51/'),
  (188,'5.52','Предварительный указатель направления','Информационно-указательный знак','/images/roadsigns/5.52.2_b.gif','http://pdd.ua/33/5.52/'),
  (189,'5.53','Указатель направления','Информационно-указательный знак','/images/roadsigns/5.53.1_b.gif','http://pdd.ua/33/5.53/'),
  (190,'5.54','Указатель направлений','Информационно-указательный знак','/images/roadsigns/5.54_b.gif','http://pdd.ua/33/5.54/'),
  (191,'5.55','Схема движения','Информационно-указательный знак','/images/roadsigns/5.55_b.gif','http://pdd.ua/33/5.55/'),
  (192,'5.56','Схема объезда','Информационно-указательный знак','/images/roadsigns/5.56_b.gif','http://pdd.ua/33/5.56/'),
  (193,'5.57.1','Направление объезда','Информационно-указательный знак','/images/roadsigns/5.57.1_b.gif','http://pdd.ua/33/5.57.1/'),
  (194,'5.57.2','Направление объезда','Информационно-указательный знак','/images/roadsigns/5.57.2_b.gif','http://pdd.ua/33/5.57.2/'),
  (195,'5.57.3','Направление объезда','Информационно-указательный знак','/images/roadsigns/5.57.3_b.gif','http://pdd.ua/33/5.57.3/'),
  (196,'5.58.1','Название объекта','Информационно-указательный знак','/images/roadsigns/5.58.1_b.gif','http://pdd.ua/33/5.58.1/'),
  (197,'5.58.2','Название объекта','Информационно-указательный знак','/images/roadsigns/5.58.2_b.gif','http://pdd.ua/33/5.58.2/'),
  (198,'5.59','Указатель расстояний','Информационно-указательный знак','/images/roadsigns/5.59_b.gif','http://pdd.ua/33/5.59/'),
  (199,'5.60','Километровый знак','Информационно-указательный знак','/images/roadsigns/5.60_b.gif','http://pdd.ua/33/5.60/'),
  (200,'5.61.1','Номер дороги, маршрута','Информационно-указательный знак','/images/roadsigns/5.61.1_b.gif','http://pdd.ua/33/5.61.1/'),
  (201,'5.61.2','Номер дороги, маршрута','Информационно-указательный знак','/images/roadsigns/5.61.2_b.gif','http://pdd.ua/33/5.61.2/'),
  (202,'5.61.3','Номер дороги, маршрута','Информационно-указательный знак','/images/roadsigns/5.61.3_b.gif','http://pdd.ua/33/5.61.3/'),
  (203,'5.62','Место остановки','Информационно-указательный знак','/images/roadsigns/5.62_b.gif','http://pdd.ua/33/5.62/'),
  (204,'6.1','Пункт первой медицинской помощи','Знак сервиса','/images/roadsigns/6.1_b.gif','http://pdd.ua/33/6.1/'),
  (205,'6.2','Больница','Знак сервиса','/images/roadsigns/6.2_b.gif','http://pdd.ua/33/6.2/'),
  (206,'6.3','Телефон для вызова аварийной службы','Знак сервиса','/images/roadsigns/6.3_b.gif','http://pdd.ua/33/6.3/'),
  (207,'6.4','Огнетушитель','Знак сервиса','/images/roadsigns/6.4_b.gif','http://pdd.ua/33/6.4/'),
  (208,'6.5','Пункт технического обслуживания','Знак сервиса','/images/roadsigns/6.5_b.gif','http://pdd.ua/33/6.5/'),
  (209,'6.6','Пункт мойки автомобилей','Знак сервиса','/images/roadsigns/6.6_b.gif','http://pdd.ua/33/6.6/'),
  (210,'6.7.1','Автозаправочная станция','Знак сервиса','/images/roadsigns/6.7.1_b.gif','http://pdd.ua/33/6.7.1/'),
  (211,'6.7.2','Автозаправочная станция','Знак сервиса','/images/roadsigns/6.7.2_b.gif','http://pdd.ua/33/6.7.2/'),
  (212,'6.7.3','Автозаправочная станция','Знак сервиса','/images/roadsigns/6.7.3_b.gif','http://pdd.ua/33/6.7.3/'),
  (213,'6.8','Телефон','Знак сервиса','/images/roadsigns/6.8_b.gif','http://pdd.ua/33/6.8/'),
  (214,'6.9','Пункт справочной службы','Знак сервиса','/images/roadsigns/6.9_b.gif','http://pdd.ua/33/6.9/'),
  (215,'6.10','Пост ГАИ','Знак сервиса','/images/roadsigns/6.10_b.gif','http://pdd.ua/33/6.10/'),
  (216,'6.11','Туалет','Знак сервиса','/images/roadsigns/6.11_b.gif','http://pdd.ua/33/6.11/'),
  (217,'6.12','Питьевая вода','Знак сервиса','/images/roadsigns/6.12_b.gif','http://pdd.ua/33/6.12/'),
  (218,'6.13','Ресторан или столовая','Знак сервиса','/images/roadsigns/6.13_b.gif','http://pdd.ua/33/6.13/'),
  (219,'6.14','Кафе','Знак сервиса','/images/roadsigns/6.14_b.gif','http://pdd.ua/33/6.14/'),
  (220,'6.15','Место отдыха','Знак сервиса','/images/roadsigns/6.15_b.gif','http://pdd.ua/33/6.15/'),
  (221,'6.16','Отель или мотель','Знак сервиса','/images/roadsigns/6.16_b.gif','http://pdd.ua/33/6.16/'),
  (222,'6.17','Туристическая база','Знак сервиса','/images/roadsigns/6.17_b.gif','http://pdd.ua/33/6.17/'),
  (223,'6.18','Кемпинг','Знак сервиса','/images/roadsigns/6.18_b.gif','http://pdd.ua/33/6.18/'),
  (224,'6.19','Место стоянки прицепов у кемпинга','Знак сервиса','/images/roadsigns/6.19_b.gif','http://pdd.ua/33/6.19/'),
  (225,'6.20','Участок для лагеря автотуристов и место стоянки прицепов у кемпинга','Знак сервиса','/images/roadsigns/6.20_b.gif','http://pdd.ua/33/6.20/'),
  (226,'6.21','Дома отдыха','Знак сервиса','/images/roadsigns/6.21_b.gif','http://pdd.ua/33/6.21/'),
  (227,'6.22','Начало пешеходного маршрута','Знак сервиса','/images/roadsigns/6.22_b.gif','http://pdd.ua/33/6.22/'),
  (228,'6.23','Пляж или бассейн','Знак сервиса','/images/roadsigns/6.23_b.gif','http://pdd.ua/33/6.23/'),
  (229,'6.24','Выдающиеся места','Знак сервиса','/images/roadsigns/6.24_b.gif','http://pdd.ua/33/6.24/'),
  (230,'7.1.1','Расстояние до объекта','Табличка к дорожному знаку','/images/roadsigns/7.1.1_b.gif','http://pdd.ua/33/7.1.1/'),
  (231,'7.1.2','Дистанция до объекта','Табличка к дорожному знаку','/images/roadsigns/7.1.2_b.gif','http://pdd.ua/33/7.1.2/'),
  (232,'7.1.3','Дистанция до объекта','Табличка к дорожному знаку','/images/roadsigns/7.1.3_b.gif','http://pdd.ua/33/7.1.3/'),
  (233,'7.1.4','Дистанция до объекта','Табличка к дорожному знаку','/images/roadsigns/7.1.4_b.gif','http://pdd.ua/33/7.1.4/'),
  (234,'7.2.1','Зона действия','Табличка к дорожному знаку','/images/roadsigns/7.2.1_b.gif','http://pdd.ua/33/7.2.1/'),
  (235,'7.2.2','Зона действия','Табличка к дорожному знаку','/images/roadsigns/7.2.2_b.gif','http://pdd.ua/33/7.2.2/'),
  (236,'7.2.3','Зона действия','Табличка к дорожному знаку','/images/roadsigns/7.2.3_b.gif','http://pdd.ua/33/7.2.3/'),
  (237,'7.2.4','Зона действия','Табличка к дорожному знаку','/images/roadsigns/7.2.4_b.gif','http://pdd.ua/33/7.2.4/'),
  (238,'7.2.5','Зона действия','Табличка к дорожному знаку','/images/roadsigns/7.2.5_b.gif','http://pdd.ua/33/7.2.5/'),
  (239,'7.2.6','Зона действия','Табличка к дорожному знаку','/images/roadsigns/7.2.6_b.gif','http://pdd.ua/33/7.2.6/'),
  (240,'7.3.1','Направление действия','Табличка к дорожному знаку','/images/roadsigns/7.3.1_b.gif','http://pdd.ua/33/7.3.1/'),
  (241,'7.3.2','Направление действия','Табличка к дорожному знаку','/images/roadsigns/7.3.2_b.gif','http://pdd.ua/33/7.3.2/'),
  (242,'7.3.3','Направление действия','Табличка к дорожному знаку','/images/roadsigns/7.3.3_b.gif','http://pdd.ua/33/7.3.3/'),
  (243,'7.4.1','Время действия','Табличка к дорожному знаку','/images/roadsigns/7.4.1_b.gif','http://pdd.ua/33/7.4.1/'),
  (244,'7.4.2','Время действия','Табличка к дорожному знаку','/images/roadsigns/7.4.2_b.gif','http://pdd.ua/33/7.4.2/'),
  (245,'7.4.3','Время действия','Табличка к дорожному знаку','/images/roadsigns/7.4.3_b.gif','http://pdd.ua/33/7.4.3/'),
  (246,'7.4.4','Время действия','Табличка к дорожному знаку','/images/roadsigns/7.4.4_b.gif','http://pdd.ua/33/7.4.4/'),
  (247,'7.4.5','Время действия','Табличка к дорожному знаку','/images/roadsigns/7.4.5_b.gif','http://pdd.ua/33/7.4.5/'),
  (248,'7.4.6','Время действия','Табличка к дорожному знаку','/images/roadsigns/7.4.6_b.gif','http://pdd.ua/33/7.4.6/'),
  (249,'7.4.7','Время действия','Табличка к дорожному знаку','/images/roadsigns/7.4.7_b.gif','http://pdd.ua/33/7.4.7/'),
  (250,'7.5.1','Вид транспортного средства','Табличка к дорожному знаку','/images/roadsigns/7.5.1_b.gif','http://pdd.ua/33/7.5.1/'),
  (251,'7.5.2','Вид транспортного средства','Табличка к дорожному знаку','/images/roadsigns/7.5.2_b.gif','http://pdd.ua/33/7.5.2/'),
  (252,'7.5.3','Вид транспортного средства','Табличка к дорожному знаку','/images/roadsigns/7.5.3_b.gif','http://pdd.ua/33/7.5.3/'),
  (253,'7.5.4','Вид транспортного средства','Табличка к дорожному знаку','/images/roadsigns/7.5.4_b.gif','http://pdd.ua/33/7.5.4/'),
  (254,'7.5.5','Вид транспортного средства','Табличка к дорожному знаку','/images/roadsigns/7.5.5_b.gif','http://pdd.ua/33/7.5.5/'),
  (255,'7.5.6','Вид транспортного средства','Табличка к дорожному знаку','/images/roadsigns/7.5.6_b.gif','http://pdd.ua/33/7.5.6/'),
  (256,'7.5.7','Вид транспортного средства: велосипед','Табличка к дорожному знаку','/images/roadsigns/7.5.7_b.gif','http://pdd.ua/33/7.5.7/'),
  (257,'7.5.8','Вид транспортного средства','Табличка к дорожному знаку','/images/roadsigns/7.5.8_b.gif','http://pdd.ua/33/7.5.8/'),
  (258,'7.6.1','Способ постановки транспортного средства на стоянку','Табличка к дорожному знаку','/images/roadsigns/7.6.1_b.gif','http://pdd.ua/33/7.6.1/'),
  (259,'7.6.2','Способ постановки транспортного средства на стоянку','Табличка к дорожному знаку','/images/roadsigns/7.6.2_b.gif','http://pdd.ua/33/7.6.2/'),
  (260,'7.6.3','Способ постановки транспортного средства на стоянку','Табличка к дорожному знаку','/images/roadsigns/7.6.3_b.gif','http://pdd.ua/33/7.6.3/'),
  (261,'7.6.4','Способ постановки транспортного средства на стоянку','Табличка к дорожному знаку','/images/roadsigns/7.6.4_b.gif','http://pdd.ua/33/7.6.4/'),
  (262,'7.6.5','Способ постановки транспортного средства на стоянку','Табличка к дорожному знаку','/images/roadsigns/7.6.5_b.gif','http://pdd.ua/33/7.6.5/'),
  (263,'7.7','Стоянка с неработающим двигателем','Табличка к дорожному знаку','/images/roadsigns/7.7_b.gif','http://pdd.ua/33/7.7/'),
  (264,'7.8','Направление главной дороги','Табличка к дорожному знаку','/images/roadsigns/7.8_b.gif','http://pdd.ua/33/7.8/'),
  (265,'7.9','Полоса движения','Табличка к дорожному знаку','/images/roadsigns/7.9_b.gif','http://pdd.ua/33/7.9/'),
  (266,'7.10','Количество поворотов','Табличка к дорожному знаку','/images/roadsigns/7.10_b.gif','http://pdd.ua/33/7.10/'),
  (267,'7.11','Паромная переправа','Табличка к дорожному знаку','/images/roadsigns/7.11_b.gif','http://pdd.ua/33/7.11/'),
  (268,'7.12','Гололедица','Табличка к дорожному знаку','/images/roadsigns/7.12_b.gif','http://pdd.ua/33/7.12/'),
  (269,'7.13','Влажное покрытие','Табличка к дорожному знаку','/images/roadsigns/7.13_b.gif','http://pdd.ua/33/7.13/'),
  (270,'7.14','Платные услуги','Табличка к дорожному знаку','/images/roadsigns/7.14_b.gif','http://pdd.ua/33/7.14/'),
  (271,'7.15','Место для осмотра автомобилей','Табличка к дорожному знаку','/images/roadsigns/7.15_b.gif','http://pdd.ua/33/7.15/'),
  (272,'7.16','Слепые пешеходы','Табличка к дорожному знаку','/images/roadsigns/7.16_b.gif','http://pdd.ua/33/7.16/'),
  (273,'7.17','Инвалиды','Табличка к дорожному знаку','/images/roadsigns/7.17_b.gif','http://pdd.ua/33/7.17/'),
  (274,'7.18','Кроме инвалидов','Табличка к дорожному знаку','/images/roadsigns/7.18_b.gif','http://pdd.ua/33/7.18/'),
  (275,'7.19','Ограничение продолжительности стоянки','Табличка к дорожному знаку','/images/roadsigns/7.19_b.gif','http://pdd.ua/33/7.19/'),
  (276,'7.20','Действует от ...','Табличка к дорожному знаку','/images/roadsigns/7.20_b.gif','http://pdd.ua/33/7.20/'),
  (277,'7.21.1','Вид опасности','Табличка к дорожному знаку','/images/roadsigns/7.21.1_b.gif','http://pdd.ua/33/7.21.1/'),
  (278,'7.21.2','Вид опасности','Табличка к дорожному знаку','/images/roadsigns/7.21.2_b.gif','http://pdd.ua/33/7.21.2/'),
  (279,'7.21.3','Вид опасности','Табличка к дорожному знаку','/images/roadsigns/7.21.3_b.gif','http://pdd.ua/33/7.21.3/'),
  (280,'7.21.4','Вид опасности','Табличка к дорожному знаку','/images/roadsigns/7.21.4_b.gif','http://pdd.ua/33/7.21.4/');

ALTER SEQUENCE hibernate_sequence RESTART WITH 750;